dataset,image_id,method,height,width,preproc_time_s,filter_time_s,odps_time_s,total_time_s,magnitude_min,magnitude_max,magnitude_mean,status,error_message
BSDS500,100007,GWi,321,481,0.009472,0.012859,,0.022332,0.0000,4.0830,0.4434,OK,
BSDS500,100007,GWi_odps,321,481,0.009472,0.020528,0.006320,0.036320,0.0000,4.0830,0.2178,OK,
BSDS500,100007,GWC,321,481,0.009472,0.023897,,0.033369,0.0000,5.8645,1.3278,OK,
BSDS500,100007,Canny,321,481,0.009472,0.002412,,0.011884,0.0000,424.4997,44.6385,OK,
BSDS500,100007,Sobel,321,481,0.009472,0.002202,,0.011674,0.0000,927.3878,96.9666,OK,
BSDS500,100007,LoG,321,481,0.009472,0.001354,,0.010826,0.0000,38.0000,3.5207,OK,
BSDS500,100007,ED,321,481,0.009472,0.004146,,0.013619,0.0000,255.0000,55.2574,OK,
BSDS500,100007,PC,321,481,0.009472,0.319995,,0.329467,0.0000,0.6147,0.0211,OK,
BSDS500,100039,GWi,321,481,0.006072,0.011331,,0.017404,0.0000,4.5470,0.7827,OK,
BSDS500,100039,GWi_odps,321,481,0.006072,0.018872,0.005868,0.030812,0.0000,4.5470,0.3645,OK,
BSDS500,100039,GWC,321,481,0.006072,0.023780,,0.029853,0.0000,6.0143,1.6642,OK,
BSDS500,100039,Canny,321,481,0.006072,0.003079,,0.009151,0.0000,446.4012,76.2555,OK,
BSDS500,100039,Sobel,321,481,0.006072,0.002740,,0.008812,0.0000,977.2471,173.7560,OK,
BSDS500,100039,LoG,321,481,0.006072,0.001516,,0.007589,0.0000,51.0000,6.0722,OK,
BSDS500,100039,ED,321,481,0.006072,0.005621,,0.011694,0.0000,255.0000,60.6496,OK,
BSDS500,100039,PC,321,481,0.006072,0.351439,,0.357512,0.0000,0.4352,0.0129,OK,
BSDS500,100099,GWi,321,481,0.007011,0.012520,,0.019531,0.0000,4.2886,0.4042,OK,
BSDS500,100099,GWi_odps,321,481,0.007011,0.024312,0.006444,0.037767,0.0000,4.2886,0.1876,OK,
BSDS500,100099,GWC,321,481,0.007011,0.027213,,0.034223,0.0000,4.9803,1.2862,OK,
BSDS500,100099,Canny,321,481,0.007011,0.003018,,0.010028,0.0000,475.7899,51.6548,OK,
BSDS500,100099,Sobel,321,481,0.007011,0.002319,,0.009330,0.0000,1019.2752,87.0952,OK,
BSDS500,100099,LoG,321,481,0.007011,0.001303,,0.008314,0.0000,40.0000,3.1345,OK,
BSDS500,100099,ED,321,481,0.007011,0.004159,,0.011170,0.0000,255.0000,43.6404,OK,
BSDS500,100099,PC,321,481,0.007011,0.352534,,0.359544,0.0000,0.5927,0.0345,OK,
BSDS500,10081,GWi,321,481,0.006443,0.012075,,0.018518,0.0000,4.6673,0.4370,OK,
BSDS500,10081,GWi_odps,321,481,0.006443,0.019302,0.006131,0.031877,0.0000,4.6673,0.2296,OK,
BSDS500,10081,GWC,321,481,0.006443,0.024160,,0.030603,0.0000,6.2783,1.3713,OK,
BSDS500,10081,Canny,321,481,0.006443,0.002570,,0.009014,0.0000,463.2429,45.7314,OK,
BSDS500,10081,Sobel,321,481,0.006443,0.002339,,0.008783,0.0000,1020.0951,90.5956,OK,
BSDS500,10081,LoG,321,481,0.006443,0.001377,,0.007821,0.0000,50.0000,3.6344,OK,
BSDS500,10081,ED,321,481,0.006443,0.003590,,0.010033,0.0000,255.0000,40.3951,OK,
BSDS500,10081,PC,321,481,0.006443,0.346762,,0.353206,0.0000,0.6931,0.0280,OK,
BSDS500,101027,GWi,321,481,0.006339,0.011130,,0.017469,0.0000,4.2179,0.5144,OK,
BSDS500,101027,GWi_odps,321,481,0.006339,0.020373,0.005967,0.032679,0.0000,4.2179,0.2441,OK,
BSDS500,101027,GWC,321,481,0.006339,0.024475,,0.030814,0.0095,4.8685,1.4012,OK,
BSDS500,101027,Canny,321,481,0.006339,0.002401,,0.008740,0.0000,445.1359,49.9794,OK,
BSDS500,101027,Sobel,321,481,0.006339,0.002032,,0.008372,0.0000,993.3710,108.9567,OK,
BSDS500,101027,LoG,321,481,0.006339,0.001253,,0.007592,0.0000,49.0000,3.9538,OK,
BSDS500,101027,ED,321,481,0.006339,0.004786,,0.011125,0.0000,255.0000,54.5951,OK,
BSDS500,101027,PC,321,481,0.006339,0.336007,,0.342346,0.0000,0.6806,0.0189,OK,
BSDS500,101084,GWi,481,321,0.009178,0.014023,,0.023200,0.0000,4.3461,0.7727,OK,
BSDS500,101084,GWi_odps,481,321,0.009178,0.024237,0.007440,0.040854,0.0000,4.3461,0.3647,OK,
BSDS500,101084,GWC,481,321,0.009178,0.041014,,0.050192,0.0089,5.0491,1.6691,OK,
BSDS500,101084,Canny,481,321,0.009178,0.003148,,0.012326,0.0000,464.8376,66.7713,OK,
BSDS500,101084,Sobel,481,321,0.009178,0.002550,,0.011727,0.0000,1000.4289,168.5133,OK,
BSDS500,101084,LoG,481,321,0.009178,0.001418,,0.010596,0.0000,45.0000,5.3150,OK,
BSDS500,101084,ED,481,321,0.009178,0.005850,,0.015028,0.0000,255.0000,59.5266,OK,
BSDS500,101084,PC,481,321,0.009178,0.373722,,0.382900,0.0000,0.5300,0.0155,OK,
BSDS500,102062,GWi,321,481,0.006181,0.010944,,0.017125,0.0049,4.8901,0.8150,OK,
BSDS500,102062,GWi_odps,321,481,0.006181,0.019368,0.006514,0.032063,0.0000,4.8901,0.3799,OK,
BSDS500,102062,GWC,321,481,0.006181,0.026750,,0.032930,0.0089,6.0483,1.6713,OK,
BSDS500,102062,Canny,321,481,0.006181,0.002540,,0.008721,0.0000,457.6898,73.9053,OK,
BSDS500,102062,Sobel,321,481,0.006181,0.002385,,0.008566,0.0000,1062.2703,179.5110,OK,
BSDS500,102062,LoG,321,481,0.006181,0.001442,,0.007623,0.0000,49.0000,5.9106,OK,
BSDS500,102062,ED,321,481,0.006181,0.005585,,0.011765,0.0000,255.0000,63.9065,OK,
BSDS500,102062,PC,321,481,0.006181,0.349474,,0.355655,0.0000,0.4153,0.0122,OK,
BSDS500,103006,GWi,321,481,0.006916,0.012107,,0.019022,0.0000,4.2724,0.5517,OK,
BSDS500,103006,GWi_odps,321,481,0.006916,0.022201,0.006344,0.035461,0.0000,4.2724,0.2666,OK,
BSDS500,103006,GWC,321,481,0.006916,0.026924,,0.033839,0.0000,4.7376,1.4148,OK,
BSDS500,103006,Canny,321,481,0.006916,0.002911,,0.009827,0.0000,441.2709,62.4181,OK,
BSDS500,103006,Sobel,321,481,0.006916,0.002447,,0.009362,0.0000,998.8644,118.4447,OK,
BSDS500,103006,LoG,321,481,0.006916,0.001624,,0.008540,0.0000,40.0000,4.3862,OK,
BSDS500,103006,ED,321,481,0.006916,0.005617,,0.012532,0.0000,255.0000,55.2788,OK,
BSDS500,103006,PC,321,481,0.006916,0.346148,,0.353063,0.0000,0.5371,0.0271,OK,
BSDS500,103029,GWi,321,481,0.006860,0.011095,,0.017954,0.0000,3.9950,0.4068,OK,
BSDS500,103029,GWi_odps,321,481,0.006860,0.019496,0.005686,0.032041,0.0000,3.9950,0.1972,OK,
BSDS500,103029,GWC,321,481,0.006860,0.028145,,0.035005,0.0083,4.5840,1.2960,OK,
BSDS500,103029,Canny,321,481,0.006860,0.002586,,0.009446,0.0000,411.5337,54.4742,OK,
BSDS500,103029,Sobel,321,481,0.006860,0.002604,,0.009463,0.0000,934.8636,88.0115,OK,
BSDS500,103029,LoG,321,481,0.006860,0.001511,,0.008370,0.0000,42.0000,3.5789,OK,
BSDS500,103029,ED,321,481,0.006860,0.004641,,0.011500,0.0000,255.0000,43.6520,OK,
BSDS500,103029,PC,321,481,0.006860,0.327267,,0.334127,0.0000,0.5696,0.0367,OK,
BSDS500,103078,GWi,321,481,0.006057,0.011039,,0.017096,0.0000,4.2064,0.4679,OK,
BSDS500,103078,GWi_odps,321,481,0.006057,0.018812,0.005761,0.030630,0.0000,4.2064,0.2271,OK,
BSDS500,103078,GWC,321,481,0.006057,0.024475,,0.030532,0.0000,4.5269,1.3956,OK,
BSDS500,103078,Canny,321,481,0.006057,0.002240,,0.008296,0.0000,416.9244,53.7104,OK,
BSDS500,103078,Sobel,321,481,0.006057,0.002190,,0.008247,0.0000,931.6577,99.6616,OK,
BSDS500,103078,LoG,321,481,0.006057,0.001375,,0.007431,0.0000,43.0000,3.7492,OK,
BSDS500,103078,ED,321,481,0.006057,0.004445,,0.010502,0.0000,255.0000,48.9551,OK,
BSDS500,103078,PC,321,481,0.006057,0.321110,,0.327166,0.0000,0.5521,0.0260,OK,
BSDS500,104010,GWi,481,321,0.006116,0.011108,,0.017223,0.0000,5.3418,0.8873,OK,
BSDS500,104010,GWi_odps,481,321,0.006116,0.019767,0.006718,0.032601,0.0000,5.3418,0.4317,OK,
BSDS500,104010,GWC,481,321,0.006116,0.029407,,0.035523,0.0064,5.8829,1.7416,OK,
BSDS500,104010,Canny,481,321,0.006116,0.002275,,0.008391,0.0000,507.6849,101.7745,OK,
BSDS500,104010,Sobel,481,321,0.006116,0.002159,,0.008275,0.0000,1071.1088,193.9843,OK,
BSDS500,104010,LoG,481,321,0.006116,0.001393,,0.007509,0.0000,51.0000,7.3996,OK,
BSDS500,104010,ED,481,321,0.006116,0.005026,,0.011142,0.0000,255.0000,59.3185,OK,
BSDS500,104010,PC,481,321,0.006116,0.322000,,0.328115,0.0000,0.4308,0.0174,OK,
BSDS500,104055,GWi,481,321,0.005990,0.011051,,0.017041,0.0029,4.3240,0.4342,OK,
BSDS500,104055,GWi_odps,481,321,0.005990,0.018788,0.006020,0.030798,0.0000,4.3240,0.2129,OK,
BSDS500,104055,GWC,481,321,0.005990,0.024050,,0.030040,0.0131,4.8512,1.3424,OK,
BSDS500,104055,Canny,481,321,0.005990,0.002439,,0.008429,0.0000,427.5067,46.9511,OK,
BSDS500,104055,Sobel,481,321,0.005990,0.002179,,0.008169,0.0000,1023.0347,93.4970,OK,
BSDS500,104055,LoG,481,321,0.005990,0.001537,,0.007527,0.0000,45.0000,3.4979,OK,
BSDS500,104055,ED,481,321,0.005990,0.004492,,0.010482,0.0000,255.0000,55.9807,OK,
BSDS500,104055,PC,481,321,0.005990,0.324471,,0.330461,0.0000,0.6078,0.0238,OK,
BSDS500,105027,GWi,321,481,0.005958,0.010937,,0.016894,0.0000,5.0257,0.7608,OK,
BSDS500,105027,GWi_odps,321,481,0.005958,0.019338,0.005600,0.030896,0.0000,5.0257,0.3647,OK,
BSDS500,105027,GWC,321,481,0.005958,0.023875,,0.029833,0.0000,6.0479,1.6151,OK,
BSDS500,105027,Canny,321,481,0.005958,0.002376,,0.008334,0.0000,512.0820,85.1148,OK,
BSDS500,105027,Sobel,321,481,0.005958,0.002490,,0.008447,0.0000,1119.5892,166.8411,OK,
BSDS500,105027,LoG,321,481,0.005958,0.001317,,0.007275,0.0000,44.0000,6.0990,OK,
BSDS500,105027,ED,321,481,0.005958,0.005004,,0.010962,0.0000,255.0000,57.9824,OK,
BSDS500,105027,PC,321,481,0.005958,0.325318,,0.331275,0.0000,0.4443,0.0191,OK,
BSDS500,106005,GWi,321,481,0.006072,0.011140,,0.017212,0.0000,4.2250,0.2761,OK,
BSDS500,106005,GWi_odps,321,481,0.006072,0.018220,0.005636,0.029928,0.0000,4.2250,0.1389,OK,
BSDS500,106005,GWC,321,481,0.006072,0.023740,,0.029812,0.0000,5.2580,1.2098,OK,
BSDS500,106005,Canny,321,481,0.006072,0.002283,,0.008355,0.0000,396.3761,40.8847,OK,
BSDS500,106005,Sobel,321,481,0.006072,0.002090,,0.008162,0.0000,990.3716,54.1642,OK,
BSDS500,106005,LoG,321,481,0.006072,0.001436,,0.007508,0.0000,36.0000,2.4488,OK,
BSDS500,106005,ED,321,481,0.006072,0.003017,,0.009089,0.0000,255.0000,24.8491,OK,
BSDS500,106005,PC,321,481,0.006072,0.320484,,0.326556,0.0000,0.6271,0.0447,OK,
BSDS500,106047,GWi,321,481,0.005788,0.011148,,0.016936,0.0000,4.6050,0.4529,OK,
BSDS500,106047,GWi_odps,321,481,0.005788,0.017914,0.005627,0.029330,0.0000,4.6050,0.2160,OK,
BSDS500,106047,GWC,321,481,0.005788,0.025288,,0.031076,0.0000,5.1215,1.3279,OK,
BSDS500,106047,Canny,321,481,0.005788,0.002206,,0.007995,0.0000,469.3911,68.6984,OK,
BSDS500,106047,Sobel,321,481,0.005788,0.002225,,0.008013,0.0000,1020.8477,96.3903,OK,
BSDS500,106047,LoG,321,481,0.005788,0.001338,,0.007126,0.0000,49.0000,4.0137,OK,
BSDS500,106047,ED,321,481,0.005788,0.003700,,0.009488,0.0000,255.0000,37.2654,OK,
BSDS500,106047,PC,321,481,0.005788,0.323165,,0.328953,0.0000,0.5973,0.0498,OK,
BSDS500,107014,GWi,321,481,0.005819,0.010853,,0.016672,0.0000,5.4043,0.6028,OK,
BSDS500,107014,GWi_odps,321,481,0.005819,0.019093,0.005775,0.030687,0.0000,5.4043,0.2866,OK,
BSDS500,107014,GWC,321,481,0.005819,0.023608,,0.029428,0.0000,5.5989,1.4618,OK,
BSDS500,107014,Canny,321,481,0.005819,0.002348,,0.008167,0.0000,463.3185,63.6420,OK,
BSDS500,107014,Sobel,321,481,0.005819,0.002143,,0.007962,0.0000,1099.4008,132.1830,OK,
BSDS500,107014,LoG,321,481,0.005819,0.001381,,0.007200,0.0000,47.0000,4.6887,OK,
BSDS500,107014,ED,321,481,0.005819,0.004967,,0.010787,0.0000,255.0000,58.3226,OK,
BSDS500,107014,PC,321,481,0.005819,0.322022,,0.327841,0.0000,0.5175,0.0208,OK,
BSDS500,107045,GWi,321,481,0.006008,0.010881,,0.016889,0.0000,4.9999,0.8226,OK,
BSDS500,107045,GWi_odps,321,481,0.006008,0.020002,0.006178,0.032188,0.0000,4.9999,0.3893,OK,
BSDS500,107045,GWC,321,481,0.006008,0.024043,,0.030052,0.0100,7.0097,1.7034,OK,
BSDS500,107045,Canny,321,481,0.006008,0.002192,,0.008200,0.0000,505.2128,80.2388,OK,
BSDS500,107045,Sobel,321,481,0.006008,0.002122,,0.008130,0.0000,1123.0503,179.6669,OK,
BSDS500,107045,LoG,321,481,0.006008,0.001324,,0.007332,0.0000,63.0000,6.2371,OK,
BSDS500,107045,ED,321,481,0.006008,0.005203,,0.011211,0.0000,255.0000,57.8750,OK,
BSDS500,107045,PC,321,481,0.006008,0.335412,,0.341420,0.0000,0.4778,0.0185,OK,
BSDS500,107072,GWi,321,481,0.007078,0.012205,,0.019283,0.0028,4.5473,0.6312,OK,
BSDS500,107072,GWi_odps,321,481,0.007078,0.020058,0.005499,0.032635,0.0000,4.5473,0.2994,OK,
BSDS500,107072,GWC,321,481,0.007078,0.023776,,0.030854,0.0107,5.2050,1.4974,OK,
BSDS500,107072,Canny,321,481,0.007078,0.002174,,0.009253,0.0000,461.4174,60.1993,OK,
BSDS500,107072,Sobel,321,481,0.007078,0.002136,,0.009214,0.0000,1081.6478,138.1265,OK,
BSDS500,107072,LoG,321,481,0.007078,0.001295,,0.008373,0.0000,45.0000,4.7244,OK,
BSDS500,107072,ED,321,481,0.007078,0.005467,,0.012546,0.0000,255.0000,63.9511,OK,
BSDS500,107072,PC,321,481,0.007078,0.319515,,0.326593,0.0000,0.4919,0.0165,OK,
BSDS500,108004,GWi,321,481,0.006285,0.010816,,0.017102,0.0035,5.6693,1.1417,OK,
BSDS500,108004,GWi_odps,321,481,0.006285,0.019527,0.005724,0.031536,0.0000,5.6693,0.5047,OK,
BSDS500,108004,GWC,321,481,0.006285,0.023979,,0.030264,0.0168,6.7719,2.0343,OK,
BSDS500,108004,Canny,321,481,0.006285,0.002190,,0.008475,0.0000,506.1225,87.8743,OK,
BSDS500,108004,Sobel,321,481,0.006285,0.002097,,0.008383,0.0000,1113.7864,257.5462,OK,
BSDS500,108004,LoG,321,481,0.006285,0.001288,,0.007574,0.0000,60.0000,7.8841,OK,
BSDS500,108004,ED,321,481,0.006285,0.005871,,0.012156,0.0000,255.0000,70.4780,OK,
BSDS500,108004,PC,321,481,0.006285,0.321548,,0.327833,0.0000,0.3139,0.0036,OK,
BSDS500,108036,GWi,321,481,0.006026,0.010962,,0.016988,0.0035,4.7352,0.7630,OK,
BSDS500,108036,GWi_odps,321,481,0.006026,0.019722,0.005866,0.031614,0.0000,4.7352,0.3652,OK,
BSDS500,108036,GWC,321,481,0.006026,0.023853,,0.029880,0.0089,6.0527,1.6411,OK,
BSDS500,108036,Canny,321,481,0.006026,0.002445,,0.008471,0.0000,445.3246,79.4422,OK,
BSDS500,108036,Sobel,321,481,0.006026,0.002107,,0.008134,0.0000,1013.8264,164.5475,OK,
BSDS500,108036,LoG,321,481,0.006026,0.001174,,0.007200,0.0000,46.0000,6.0909,OK,
BSDS500,108036,ED,321,481,0.006026,0.004840,,0.010866,0.0000,255.0000,60.1971,OK,
BSDS500,108036,PC,321,481,0.006026,0.321799,,0.327825,0.0000,0.4609,0.0183,OK,
BSDS500,108069,GWi,321,481,0.006093,0.010861,,0.016954,0.0035,4.5463,0.7361,OK,
BSDS500,108069,GWi_odps,321,481,0.006093,0.019689,0.005809,0.031592,0.0000,4.5463,0.3650,OK,
BSDS500,108069,GWC,321,481,0.006093,0.023814,,0.029907,0.0118,5.4250,1.5958,OK,
BSDS500,108069,Canny,321,481,0.006093,0.002365,,0.008459,0.0000,418.8221,90.7709,OK,
BSDS500,108069,Sobel,321,481,0.006093,0.001952,,0.008045,0.0000,1009.1234,157.4802,OK,
BSDS500,108069,LoG,321,481,0.006093,0.001150,,0.007243,0.0000,48.0000,6.4914,OK,
BSDS500,108069,ED,321,481,0.006093,0.004659,,0.010753,0.0000,255.0000,55.3284,OK,
BSDS500,108069,PC,321,481,0.006093,0.321400,,0.327494,0.0000,0.4304,0.0230,OK,
BSDS500,109055,GWi,321,481,0.006011,0.010982,,0.016992,0.0000,4.5934,0.7244,OK,
BSDS500,109055,GWi_odps,321,481,0.006011,0.019314,0.005743,0.031067,0.0000,4.5934,0.3500,OK,
BSDS500,109055,GWC,321,481,0.006011,0.023877,,0.029888,0.0088,5.8674,1.5710,OK,
BSDS500,109055,Canny,321,481,0.006011,0.002421,,0.008431,0.0000,429.6650,87.2829,OK,
BSDS500,109055,Sobel,321,481,0.006011,0.002019,,0.008030,0.0000,1006.8763,157.4224,OK,
BSDS500,109055,LoG,321,481,0.006011,0.001158,,0.007168,0.0000,52.0000,5.9989,OK,
BSDS500,109055,ED,321,481,0.006011,0.004365,,0.010376,0.0000,255.0000,54.0369,OK,
BSDS500,109055,PC,321,481,0.006011,0.317050,,0.323061,0.0000,0.4658,0.0306,OK,
BSDS500,112056,GWi,321,481,0.005942,0.010896,,0.016838,0.0000,4.6310,0.4028,OK,
BSDS500,112056,GWi_odps,321,481,0.005942,0.019271,0.005755,0.030968,0.0000,4.6310,0.1995,OK,
BSDS500,112056,GWC,321,481,0.005942,0.023296,,0.029238,0.0000,4.8655,1.2904,OK,
BSDS500,112056,Canny,321,481,0.005942,0.002482,,0.008424,0.0000,489.9510,49.1331,OK,
BSDS500,112056,Sobel,321,481,0.005942,0.001990,,0.007932,0.0000,1082.7050,83.6327,OK,
BSDS500,112056,LoG,321,481,0.005942,0.001136,,0.007078,0.0000,64.0000,3.1991,OK,
BSDS500,112056,ED,321,481,0.005942,0.003963,,0.009905,0.0000,255.0000,43.5941,OK,
BSDS500,112056,PC,321,481,0.005942,0.318736,,0.324678,0.0000,0.6932,0.0333,OK,
BSDS500,112090,GWi,321,481,0.006125,0.010896,,0.017021,0.0000,5.0876,0.5774,OK,
BSDS500,112090,GWi_odps,321,481,0.006125,0.020543,0.005956,0.032623,0.0000,5.0876,0.2815,OK,
BSDS500,112090,GWC,321,481,0.006125,0.024099,,0.030223,0.0000,5.2207,1.4628,OK,
BSDS500,112090,Canny,321,481,0.006125,0.002429,,0.008553,0.0000,509.5194,62.2500,OK,
BSDS500,112090,Sobel,321,481,0.006125,0.001995,,0.008120,0.0000,1085.0262,125.9106,OK,
BSDS500,112090,LoG,321,481,0.006125,0.001209,,0.007334,0.0000,47.0000,4.5704,OK,
BSDS500,112090,ED,321,481,0.006125,0.004915,,0.011039,0.0000,255.0000,59.5134,OK,
BSDS500,112090,PC,321,481,0.006125,0.322088,,0.328213,0.0000,0.5741,0.0224,OK,
BSDS500,117025,GWi,481,321,0.006091,0.011313,,0.017404,0.0000,4.3479,0.5493,OK,
BSDS500,117025,GWi_odps,481,321,0.006091,0.021064,0.005989,0.033143,0.0000,4.3479,0.2656,OK,
BSDS500,117025,GWC,481,321,0.006091,0.024170,,0.030261,0.0119,5.6766,1.4160,OK,
BSDS500,117025,Canny,481,321,0.006091,0.002382,,0.008473,0.0000,451.0543,49.6172,OK,
BSDS500,117025,Sobel,481,321,0.006091,0.002128,,0.008219,0.0000,1024.2549,118.4317,OK,
BSDS500,117025,LoG,481,321,0.006091,0.001132,,0.007223,0.0000,43.0000,4.0756,OK,
BSDS500,117025,ED,481,321,0.006091,0.004500,,0.010591,0.0000,255.0000,52.8114,OK,
BSDS500,117025,PC,481,321,0.006091,0.319203,,0.325295,0.0000,0.5415,0.0181,OK,
BSDS500,118015,GWi,321,481,0.005934,0.012037,,0.017972,0.0000,4.6830,0.5533,OK,
BSDS500,118015,GWi_odps,321,481,0.005934,0.020225,0.006051,0.032211,0.0000,4.6830,0.2793,OK,
BSDS500,118015,GWC,321,481,0.005934,0.024242,,0.030177,0.0178,6.3070,1.4963,OK,
BSDS500,118015,Canny,321,481,0.005934,0.002399,,0.008334,0.0000,481.8734,56.7830,OK,
BSDS500,118015,Sobel,321,481,0.005934,0.001996,,0.007930,0.0000,1057.2134,118.2463,OK,
BSDS500,118015,LoG,321,481,0.005934,0.001387,,0.007321,0.0000,50.0000,4.5749,OK,
BSDS500,118015,ED,321,481,0.005934,0.003579,,0.009513,0.0000,255.0000,36.5767,OK,
BSDS500,118015,PC,321,481,0.005934,0.318903,,0.324837,0.0000,0.6719,0.0370,OK,
BSDS500,118031,GWi,321,481,0.006658,0.011172,,0.017830,0.0000,4.7728,0.6275,OK,
BSDS500,118031,GWi_odps,321,481,0.006658,0.020186,0.005786,0.032630,0.0000,4.7728,0.3019,OK,
BSDS500,118031,GWC,321,481,0.006658,0.024338,,0.030996,0.0167,6.4631,1.5674,OK,
BSDS500,118031,Canny,321,481,0.006658,0.002428,,0.009086,0.0000,490.0163,59.0625,OK,
BSDS500,118031,Sobel,321,481,0.006658,0.002144,,0.008802,0.0000,1053.0460,134.3134,OK,
BSDS500,118031,LoG,321,481,0.006658,0.001170,,0.007828,0.0000,54.0000,4.9244,OK,
BSDS500,118031,ED,321,481,0.006658,0.004163,,0.010820,0.0000,255.0000,43.1895,OK,
BSDS500,118031,PC,321,481,0.006658,0.320616,,0.327274,0.0000,0.5838,0.0278,OK,
BSDS500,118072,GWi,321,481,0.006236,0.011253,,0.017489,0.0000,4.6363,0.4962,OK,
BSDS500,118072,GWi_odps,321,481,0.006236,0.020720,0.006366,0.033322,0.0000,4.6363,0.2462,OK,
BSDS500,118072,GWC,321,481,0.006236,0.024460,,0.030696,0.0516,4.7950,1.3715,OK,
BSDS500,118072,Canny,321,481,0.006236,0.002463,,0.008700,0.0000,456.2565,51.2198,OK,
BSDS500,118072,Sobel,321,481,0.006236,0.001987,,0.008223,0.0000,1051.1565,106.9012,OK,
BSDS500,118072,LoG,321,481,0.006236,0.001163,,0.007399,0.0000,42.0000,3.7431,OK,
BSDS500,118072,ED,321,481,0.006236,0.004588,,0.010824,0.0000,255.0000,57.1517,OK,
BSDS500,118072,PC,321,481,0.006236,0.325659,,0.331896,0.0000,0.5725,0.0221,OK,
BSDS500,120003,GWi,321,481,0.006194,0.010843,,0.017037,0.0000,4.0980,0.2372,OK,
BSDS500,120003,GWi_odps,321,481,0.006194,0.019196,0.005681,0.031071,0.0000,4.0980,0.1297,OK,
BSDS500,120003,GWC,321,481,0.006194,0.024149,,0.030343,0.0307,6.1739,1.2007,OK,
BSDS500,120003,Canny,321,481,0.006194,0.002434,,0.008628,0.0000,425.0600,29.3604,OK,
BSDS500,120003,Sobel,321,481,0.006194,0.002046,,0.008240,0.0000,934.0771,47.9969,OK,
BSDS500,120003,LoG,321,481,0.006194,0.001152,,0.007346,0.0000,40.0000,2.2897,OK,
BSDS500,120003,ED,321,481,0.006194,0.002825,,0.009019,0.0000,255.0000,29.9772,OK,
BSDS500,120003,PC,321,481,0.006194,0.319612,,0.325805,0.0000,0.6858,0.0333,OK,
BSDS500,120093,GWi,321,481,0.006750,0.010930,,0.017680,0.0000,4.8015,0.5036,OK,
BSDS500,120093,GWi_odps,321,481,0.006750,0.020000,0.005775,0.032525,0.0000,4.8015,0.2502,OK,
BSDS500,120093,GWC,321,481,0.006750,0.023949,,0.030699,0.0116,5.6259,1.4505,OK,
BSDS500,120093,Canny,321,481,0.006750,0.002367,,0.009118,0.0000,495.2414,48.6379,OK,
BSDS500,120093,Sobel,321,481,0.006750,0.001971,,0.008721,0.0000,1081.7615,108.0713,OK,
BSDS500,120093,LoG,321,481,0.006750,0.001232,,0.007982,0.0000,53.0000,4.0821,OK,
BSDS500,120093,ED,321,481,0.006750,0.003522,,0.010272,0.0000,255.0000,35.1382,OK,
BSDS500,120093,PC,321,481,0.006750,0.318061,,0.324811,0.0000,0.6622,0.0374,OK,
BSDS500,123057,GWi,321,481,0.005940,0.010932,,0.016872,0.0000,4.7653,0.3956,OK,
BSDS500,123057,GWi_odps,321,481,0.005940,0.019030,0.005679,0.030649,0.0000,4.7653,0.1849,OK,
BSDS500,123057,GWC,321,481,0.005940,0.023780,,0.029720,0.0000,5.0544,1.3006,OK,
BSDS500,123057,Canny,321,481,0.005940,0.002354,,0.008293,0.0000,474.2700,48.1922,OK,
BSDS500,123057,Sobel,321,481,0.005940,0.001992,,0.007932,0.0000,1080.8562,85.9887,OK,
BSDS500,123057,LoG,321,481,0.005940,0.001145,,0.007085,0.0000,42.0000,3.1686,OK,
BSDS500,123057,ED,321,481,0.005940,0.003863,,0.009803,0.0000,255.0000,46.3043,OK,
BSDS500,123057,PC,321,481,0.005940,0.319739,,0.325679,0.0000,0.6653,0.0316,OK,
BSDS500,128035,GWi,321,481,0.006370,0.011369,,0.017740,0.0000,4.1965,0.3631,OK,
BSDS500,128035,GWi_odps,321,481,0.006370,0.019573,0.005797,0.031741,0.0000,4.1965,0.1936,OK,
BSDS500,128035,GWC,321,481,0.006370,0.023842,,0.030213,0.0114,4.9978,1.2943,OK,
BSDS500,128035,Canny,321,481,0.006370,0.002391,,0.008762,0.0000,441.2641,43.4830,OK,
BSDS500,128035,Sobel,321,481,0.006370,0.002045,,0.008415,0.0000,1021.8464,73.3040,OK,
BSDS500,128035,LoG,321,481,0.006370,0.001140,,0.007511,0.0000,50.0000,3.1375,OK,
BSDS500,128035,ED,321,481,0.006370,0.003336,,0.009707,0.0000,255.0000,36.9401,OK,
BSDS500,128035,PC,321,481,0.006370,0.320490,,0.326861,0.0000,0.6786,0.0433,OK,
BSDS500,130014,GWi,481,321,0.006008,0.010986,,0.016994,0.0000,4.7891,0.7105,OK,
BSDS500,130014,GWi_odps,481,321,0.006008,0.019370,0.005995,0.031373,0.0000,4.7891,0.3292,OK,
BSDS500,130014,GWC,481,321,0.006008,0.024054,,0.030063,0.0000,6.3549,1.5888,OK,
BSDS500,130014,Canny,481,321,0.006008,0.002345,,0.008353,0.0000,485.1989,74.0945,OK,
BSDS500,130014,Sobel,481,321,0.006008,0.002065,,0.008073,0.0000,1055.5472,156.3165,OK,
BSDS500,130014,LoG,481,321,0.006008,0.001111,,0.007120,0.0000,62.0000,5.4515,OK,
BSDS500,130014,ED,481,321,0.006008,0.004252,,0.010261,0.0000,255.0000,48.8196,OK,
BSDS500,130014,PC,481,321,0.006008,0.324951,,0.330960,0.0000,0.5210,0.0249,OK,
BSDS500,130066,GWi,321,481,0.005974,0.010937,,0.016911,0.0000,5.5730,0.5943,OK,
BSDS500,130066,GWi_odps,321,481,0.005974,0.018455,0.005762,0.030191,0.0000,5.5730,0.2624,OK,
BSDS500,130066,GWC,321,481,0.005974,0.024045,,0.030019,0.0083,6.7612,1.5977,OK,
BSDS500,130066,Canny,321,481,0.005974,0.002340,,0.008314,0.0000,474.8431,49.0410,OK,
BSDS500,130066,Sobel,321,481,0.005974,0.002119,,0.008093,0.0000,1099.0223,125.0237,OK,
BSDS500,130066,LoG,321,481,0.005974,0.001142,,0.007116,0.0000,51.0000,4.1218,OK,
BSDS500,130066,ED,321,481,0.005974,0.003566,,0.009540,0.0000,255.0000,39.2787,OK,
BSDS500,130066,PC,321,481,0.005974,0.330154,,0.336127,0.0000,0.6865,0.0297,OK,
BSDS500,134049,GWi,321,481,0.006446,0.011202,,0.017648,0.0000,4.4341,0.7769,OK,
BSDS500,134049,GWi_odps,321,481,0.006446,0.020616,0.006580,0.033641,0.0000,4.4341,0.3738,OK,
BSDS500,134049,GWC,321,481,0.006446,0.023874,,0.030320,0.0261,5.4419,1.6462,OK,
BSDS500,134049,Canny,321,481,0.006446,0.002446,,0.008892,0.0000,397.8191,81.8125,OK,
BSDS500,134049,Sobel,321,481,0.006446,0.001989,,0.008435,0.0000,1006.7025,169.0438,OK,
BSDS500,134049,LoG,321,481,0.006446,0.001130,,0.007575,0.0000,46.0000,6.2307,OK,
BSDS500,134049,ED,321,481,0.006446,0.004827,,0.011273,0.0000,255.0000,58.8891,OK,
BSDS500,134049,PC,321,481,0.006446,0.323706,,0.330152,0.0000,0.4118,0.0180,OK,
BSDS500,134067,GWi,481,321,0.006500,0.010929,,0.017428,0.0051,4.2728,0.8647,OK,
BSDS500,134067,GWi_odps,481,321,0.006500,0.020472,0.005807,0.032779,0.0000,4.2728,0.4089,OK,
BSDS500,134067,GWC,481,321,0.006500,0.023933,,0.030433,0.0065,5.3201,1.7270,OK,
BSDS500,134067,Canny,481,321,0.006500,0.002346,,0.008846,0.0000,423.0367,88.3364,OK,
BSDS500,134067,Sobel,481,321,0.006500,0.002079,,0.008579,0.0000,979.8612,189.2757,OK,
BSDS500,134067,LoG,481,321,0.006500,0.001109,,0.007609,0.0000,44.0000,6.7675,OK,
BSDS500,134067,ED,481,321,0.006500,0.005144,,0.011643,0.0000,255.0000,62.0848,OK,
BSDS500,134067,PC,481,321,0.006500,0.325138,,0.331638,0.0000,0.3976,0.0148,OK,
BSDS500,140006,GWi,481,321,0.006049,0.011014,,0.017062,0.0000,4.7246,0.5778,OK,
BSDS500,140006,GWi_odps,481,321,0.006049,0.019059,0.006222,0.031329,0.0000,4.7246,0.2841,OK,
BSDS500,140006,GWC,481,321,0.006049,0.023672,,0.029721,0.0000,6.3242,1.5656,OK,
BSDS500,140006,Canny,481,321,0.006049,0.002407,,0.008456,0.0000,463.9052,52.2846,OK,
BSDS500,140006,Sobel,481,321,0.006049,0.002028,,0.008076,0.0000,1064.5187,122.0196,OK,
BSDS500,140006,LoG,481,321,0.006049,0.001118,,0.007166,0.0000,52.0000,4.5298,OK,
BSDS500,140006,ED,481,321,0.006049,0.003751,,0.009800,0.0000,255.0000,46.2019,OK,
BSDS500,140006,PC,481,321,0.006049,0.321628,,0.327677,0.0000,0.6786,0.0304,OK,
BSDS500,140088,GWi,481,321,0.006079,0.011496,,0.017574,0.0000,4.2317,0.3136,OK,
BSDS500,140088,GWi_odps,481,321,0.006079,0.019476,0.005740,0.031294,0.0000,4.2317,0.1633,OK,
BSDS500,140088,GWC,481,321,0.006079,0.024205,,0.030284,0.0224,5.7551,1.2751,OK,
BSDS500,140088,Canny,481,321,0.006079,0.002359,,0.008437,0.0000,385.1571,29.4720,OK,
BSDS500,140088,Sobel,481,321,0.006079,0.002094,,0.008172,0.0000,970.1546,64.0078,OK,
BSDS500,140088,LoG,481,321,0.006079,0.001217,,0.007296,0.0000,39.0000,2.6742,OK,
BSDS500,140088,ED,481,321,0.006079,0.003134,,0.009213,0.0000,255.0000,29.4553,OK,
BSDS500,140088,PC,481,321,0.006079,0.319905,,0.325984,0.0000,0.7088,0.0309,OK,
BSDS500,14085,GWi,321,481,0.006335,0.011047,,0.017382,0.0000,4.3622,0.5137,OK,
BSDS500,14085,GWi_odps,321,481,0.006335,0.019191,0.005766,0.031292,0.0000,4.3622,0.2513,OK,
BSDS500,14085,GWC,321,481,0.006335,0.024256,,0.030590,0.0241,5.1857,1.3812,OK,
BSDS500,14085,Canny,321,481,0.006335,0.002353,,0.008688,0.0000,446.0045,59.2623,OK,
BSDS500,14085,Sobel,321,481,0.006335,0.002040,,0.008375,0.0000,951.9128,109.1610,OK,
BSDS500,14085,LoG,321,481,0.006335,0.001133,,0.007467,0.0000,50.0000,4.0501,OK,
BSDS500,14085,ED,321,481,0.006335,0.004495,,0.010830,0.0000,255.0000,53.9609,OK,
BSDS500,14085,PC,321,481,0.006335,0.340344,,0.346679,0.0000,0.5310,0.0240,OK,
BSDS500,14092,GWi,321,481,0.006252,0.011078,,0.017330,0.0000,4.4899,0.4696,OK,
BSDS500,14092,GWi_odps,321,481,0.006252,0.019793,0.005763,0.031808,0.0000,4.4899,0.2296,OK,
BSDS500,14092,GWC,321,481,0.006252,0.023801,,0.030053,0.0038,4.5711,1.3707,OK,
BSDS500,14092,Canny,321,481,0.006252,0.002351,,0.008602,0.0000,362.2209,45.3129,OK,
BSDS500,14092,Sobel,321,481,0.006252,0.002005,,0.008257,0.0000,918.6000,96.7259,OK,
BSDS500,14092,LoG,321,481,0.006252,0.001176,,0.007428,0.0000,60.0000,3.3889,OK,
BSDS500,14092,ED,321,481,0.006252,0.004454,,0.010706,0.0000,255.0000,54.2747,OK,
BSDS500,14092,PC,321,481,0.006252,0.324299,,0.330551,0.0000,0.5406,0.0223,OK,
BSDS500,141012,GWi,321,481,0.006248,0.011061,,0.017309,0.0000,4.6269,0.8749,OK,
BSDS500,141012,GWi_odps,321,481,0.006248,0.020514,0.006667,0.033430,0.0000,4.6269,0.3981,OK,
BSDS500,141012,GWC,321,481,0.006248,0.026605,,0.032853,0.0280,5.4023,1.7185,OK,
BSDS500,141012,Canny,321,481,0.006248,0.002669,,0.008917,0.0000,411.2906,79.9751,OK,
BSDS500,141012,Sobel,321,481,0.006248,0.002253,,0.008501,0.0000,1008.9212,197.3546,OK,
BSDS500,141012,LoG,321,481,0.006248,0.001287,,0.007535,0.0000,47.0000,6.5688,OK,
BSDS500,141012,ED,321,481,0.006248,0.005933,,0.012181,0.0000,255.0000,61.8140,OK,
BSDS500,141012,PC,321,481,0.006248,0.348225,,0.354474,0.0000,0.3485,0.0073,OK,
BSDS500,141048,GWi,321,481,0.006759,0.012973,,0.019732,0.0000,4.4550,0.6833,OK,
BSDS500,141048,GWi_odps,321,481,0.006759,0.024119,0.006454,0.037332,0.0000,4.4550,0.3089,OK,
BSDS500,141048,GWC,321,481,0.006759,0.026541,,0.033300,0.0674,5.3734,1.5554,OK,
BSDS500,141048,Canny,321,481,0.006759,0.002683,,0.009442,0.0000,407.7475,63.9008,OK,
BSDS500,141048,Sobel,321,481,0.006759,0.002238,,0.008997,0.0000,1083.6946,150.6942,OK,
BSDS500,141048,LoG,321,481,0.006759,0.001402,,0.008161,0.0000,49.0000,5.1517,OK,
BSDS500,141048,ED,321,481,0.006759,0.006031,,0.012790,0.0000,255.0000,61.8850,OK,
BSDS500,141048,PC,321,481,0.006759,0.354287,,0.361046,0.0000,0.4282,0.0113,OK,
BSDS500,145059,GWi,321,481,0.007095,0.012600,,0.019695,0.0000,4.4621,0.5413,OK,
BSDS500,145059,GWi_odps,321,481,0.007095,0.022494,0.006763,0.036352,0.0000,4.4621,0.2815,OK,
BSDS500,145059,GWC,321,481,0.007095,0.026807,,0.033902,0.0081,4.9904,1.4382,OK,
BSDS500,145059,Canny,321,481,0.007095,0.002875,,0.009970,0.0000,464.4308,62.4900,OK,
BSDS500,145059,Sobel,321,481,0.007095,0.002228,,0.009323,0.0000,1045.2330,109.5449,OK,
BSDS500,145059,LoG,321,481,0.007095,0.001271,,0.008366,0.0000,47.0000,4.5772,OK,
BSDS500,145059,ED,321,481,0.007095,0.004214,,0.011309,0.0000,255.0000,43.0789,OK,
BSDS500,145059,PC,321,481,0.007095,0.343643,,0.350738,0.0000,0.6111,0.0391,OK,
BSDS500,145079,GWi,321,481,0.006376,0.011466,,0.017842,0.0000,4.4330,0.5630,OK,
BSDS500,145079,GWi_odps,321,481,0.006376,0.020584,0.006037,0.032997,0.0000,4.4330,0.2621,OK,
BSDS500,145079,GWC,321,481,0.006376,0.024526,,0.030902,0.0278,5.3535,1.4487,OK,
BSDS500,145079,Canny,321,481,0.006376,0.002346,,0.008721,0.0000,359.5024,50.1634,OK,
BSDS500,145079,Sobel,321,481,0.006376,0.002109,,0.008485,0.0000,856.8710,123.5114,OK,
BSDS500,145079,LoG,321,481,0.006376,0.001157,,0.007532,0.0000,49.0000,4.0928,OK,
BSDS500,145079,ED,321,481,0.006376,0.005104,,0.011479,0.0000,255.0000,59.0196,OK,
BSDS500,145079,PC,321,481,0.006376,0.371644,,0.378019,0.0000,0.5371,0.0171,OK,
BSDS500,146074,GWi,321,481,0.006697,0.012175,,0.018872,0.0000,5.0319,0.5166,OK,
BSDS500,146074,GWi_odps,321,481,0.006697,0.020543,0.005884,0.033123,0.0000,5.0319,0.2722,OK,
BSDS500,146074,GWC,321,481,0.006697,0.025880,,0.032577,0.0138,6.6407,1.4619,OK,
BSDS500,146074,Canny,321,481,0.006697,0.003375,,0.010071,0.0000,471.1030,54.8357,OK,
BSDS500,146074,Sobel,321,481,0.006697,0.002532,,0.009229,0.0000,1057.6172,106.0993,OK,
BSDS500,146074,LoG,321,481,0.006697,0.001468,,0.008165,0.0000,49.0000,4.4465,OK,
BSDS500,146074,ED,321,481,0.006697,0.005031,,0.011727,0.0000,255.0000,42.4711,OK,
BSDS500,146074,PC,321,481,0.006697,0.346275,,0.352971,0.0000,0.6747,0.0369,OK,
BSDS500,147077,GWi,481,321,0.006215,0.011106,,0.017321,0.0000,4.8075,0.5384,OK,
BSDS500,147077,GWi_odps,481,321,0.006215,0.022755,0.006580,0.035550,0.0000,4.8075,0.2625,OK,
BSDS500,147077,GWC,481,321,0.006215,0.026890,,0.033104,0.0396,5.2247,1.4270,OK,
BSDS500,147077,Canny,481,321,0.006215,0.002874,,0.009089,0.0000,463.4005,57.4025,OK,
BSDS500,147077,Sobel,481,321,0.006215,0.002380,,0.008595,0.0000,1056.4441,115.3483,OK,
BSDS500,147077,LoG,481,321,0.006215,0.001293,,0.007508,0.0000,40.0000,4.3294,OK,
BSDS500,147077,ED,481,321,0.006215,0.005196,,0.011411,0.0000,255.0000,57.7958,OK,
BSDS500,147077,PC,481,321,0.006215,0.357212,,0.363427,0.0000,0.5551,0.0226,OK,
BSDS500,147080,GWi,321,481,0.006704,0.012195,,0.018899,0.0000,4.4292,0.5641,OK,
BSDS500,147080,GWi_odps,321,481,0.006704,0.019443,0.005982,0.032130,0.0000,4.4292,0.2936,OK,
BSDS500,147080,GWC,321,481,0.006704,0.024546,,0.031251,0.0124,6.3938,1.4577,OK,
BSDS500,147080,Canny,321,481,0.006704,0.002456,,0.009160,0.0000,474.3838,66.0836,OK,
BSDS500,147080,Sobel,321,481,0.006704,0.002139,,0.008844,0.0000,1031.1674,121.2558,OK,
BSDS500,147080,LoG,321,481,0.006704,0.001353,,0.008057,0.0000,55.0000,5.0478,OK,
BSDS500,147080,ED,321,481,0.006704,0.004167,,0.010872,0.0000,255.0000,50.6099,OK,
BSDS500,147080,PC,321,481,0.006704,0.333274,,0.339978,0.0000,0.6040,0.0314,OK,
BSDS500,15011,GWi,321,481,0.005958,0.010914,,0.016872,0.0000,4.2926,0.4455,OK,
BSDS500,15011,GWi_odps,321,481,0.005958,0.020133,0.005916,0.032008,0.0000,4.2926,0.2286,OK,
BSDS500,15011,GWC,321,481,0.005958,0.024649,,0.030607,0.0115,4.5801,1.3578,OK,
BSDS500,15011,Canny,321,481,0.005958,0.002268,,0.008226,0.0000,428.0654,49.9319,OK,
BSDS500,15011,Sobel,321,481,0.005958,0.002083,,0.008042,0.0000,931.3152,90.8980,OK,
BSDS500,15011,LoG,321,481,0.005958,0.001304,,0.007262,0.0000,46.0000,3.5787,OK,
BSDS500,15011,ED,321,481,0.005958,0.004194,,0.010152,0.0000,255.0000,49.0376,OK,
BSDS500,15011,PC,321,481,0.005958,0.322654,,0.328612,0.0000,0.5835,0.0333,OK,
BSDS500,15062,GWi,321,481,0.006202,0.011077,,0.017279,0.0000,4.2331,0.4547,OK,
BSDS500,15062,GWi_odps,321,481,0.006202,0.019242,0.006347,0.031791,0.0000,4.2331,0.2243,OK,
BSDS500,15062,GWC,321,481,0.006202,0.024826,,0.031029,0.0111,4.9613,1.3457,OK,
BSDS500,15062,Canny,321,481,0.006202,0.003076,,0.009278,0.0000,419.0107,47.6727,OK,
BSDS500,15062,Sobel,321,481,0.006202,0.002086,,0.008289,0.0000,989.0703,95.5925,OK,
BSDS500,15062,LoG,321,481,0.006202,0.001169,,0.007372,0.0000,52.0000,3.6017,OK,
BSDS500,15062,ED,321,481,0.006202,0.004313,,0.010515,0.0000,255.0000,53.1913,OK,
BSDS500,15062,PC,321,481,0.006202,0.334155,,0.340358,0.0000,0.6503,0.0256,OK,
BSDS500,156054,GWi,481,321,0.006196,0.011845,,0.018040,0.0000,4.4423,0.4821,OK,
BSDS500,156054,GWi_odps,481,321,0.006196,0.024195,0.006542,0.036933,0.0000,4.4423,0.2299,OK,
BSDS500,156054,GWC,481,321,0.006196,0.026259,,0.032455,0.0032,6.3878,1.3908,OK,
BSDS500,156054,Canny,481,321,0.006196,0.003060,,0.009256,0.0000,465.3987,52.1570,OK,
BSDS500,156054,Sobel,481,321,0.006196,0.002336,,0.008531,0.0000,1027.3889,103.3347,OK,
BSDS500,156054,LoG,481,321,0.006196,0.001293,,0.007489,0.0000,48.0000,3.9954,OK,
BSDS500,156054,ED,481,321,0.006196,0.005242,,0.011438,0.0000,255.0000,38.8014,OK,
BSDS500,156054,PC,481,321,0.006196,0.337150,,0.343346,0.0000,0.6035,0.0354,OK,
BSDS500,157032,GWi,321,481,0.006585,0.012384,,0.018970,0.0000,4.6490,0.3302,OK,
BSDS500,157032,GWi_odps,321,481,0.006585,0.023072,0.006468,0.036125,0.0000,4.6490,0.1736,OK,
BSDS500,157032,GWC,321,481,0.006585,0.027478,,0.034063,0.0000,5.1182,1.2854,OK,
BSDS500,157032,Canny,321,481,0.006585,0.002733,,0.009318,0.0000,469.5956,36.2309,OK,
BSDS500,157032,Sobel,321,481,0.006585,0.002321,,0.008906,0.0000,1043.5795,66.3471,OK,
BSDS500,157032,LoG,321,481,0.006585,0.001361,,0.007946,0.0000,43.0000,2.8590,OK,
BSDS500,157032,ED,321,481,0.006585,0.003463,,0.010048,0.0000,255.0000,29.5412,OK,
BSDS500,157032,PC,321,481,0.006585,0.345917,,0.352502,0.0000,0.7173,0.0394,OK,
BSDS500,157087,GWi,321,481,0.005918,0.012749,,0.018668,0.0000,4.3095,0.5290,OK,
BSDS500,157087,GWi_odps,321,481,0.005918,0.020834,0.006543,0.033295,0.0000,4.3095,0.2746,OK,
BSDS500,157087,GWC,321,481,0.005918,0.026799,,0.032718,0.0084,5.0393,1.5097,OK,
BSDS500,157087,Canny,321,481,0.005918,0.002409,,0.008327,0.0000,433.4467,58.0397,OK,
BSDS500,157087,Sobel,321,481,0.005918,0.002088,,0.008006,0.0000,952.8274,106.7728,OK,
BSDS500,157087,LoG,321,481,0.005918,0.001467,,0.007385,0.0000,49.0000,4.2195,OK,
BSDS500,157087,ED,321,481,0.005918,0.005203,,0.011122,0.0000,255.0000,50.5372,OK,
BSDS500,157087,PC,321,481,0.005918,0.336221,,0.342139,0.0000,0.5574,0.0311,OK,
BSDS500,159002,GWi,481,321,0.006126,0.011247,,0.017372,0.0000,4.0793,0.3793,OK,
BSDS500,159002,GWi_odps,481,321,0.006126,0.018576,0.006857,0.031559,0.0000,4.0793,0.1832,OK,
BSDS500,159002,GWC,481,321,0.006126,0.024729,,0.030855,0.0250,4.3364,1.2499,OK,
BSDS500,159002,Canny,481,321,0.006126,0.002358,,0.008484,0.0000,352.3634,47.2124,OK,
BSDS500,159002,Sobel,481,321,0.006126,0.002074,,0.008200,0.0000,777.7095,79.2983,OK,
BSDS500,159002,LoG,481,321,0.006126,0.001227,,0.007353,0.0000,40.0000,3.0047,OK,
BSDS500,159002,ED,481,321,0.006126,0.004329,,0.010455,0.0000,255.0000,43.3349,OK,
BSDS500,159002,PC,481,321,0.006126,0.364681,,0.370807,0.0000,0.5776,0.0339,OK,
BSDS500,159022,GWi,321,481,0.006143,0.011509,,0.017653,0.0000,4.8798,0.3749,OK,
BSDS500,159022,GWi_odps,321,481,0.006143,0.022331,0.006874,0.035348,0.0000,4.8798,0.1760,OK,
BSDS500,159022,GWC,321,481,0.006143,0.028000,,0.034143,0.0120,6.8072,1.3058,OK,
BSDS500,159022,Canny,321,481,0.006143,0.002779,,0.008923,0.0000,506.0632,38.0020,OK,
BSDS500,159022,Sobel,321,481,0.006143,0.002384,,0.008528,0.0000,1103.7074,78.4733,OK,
BSDS500,159022,LoG,321,481,0.006143,0.001421,,0.007565,0.0000,53.0000,2.7638,OK,
BSDS500,159022,ED,321,481,0.006143,0.004055,,0.010199,0.0000,255.0000,37.7113,OK,
BSDS500,159022,PC,321,481,0.006143,0.365939,,0.372083,0.0000,0.7177,0.0265,OK,
BSDS500,160006,GWi,321,481,0.007570,0.012520,,0.020091,0.0000,4.9300,0.4224,OK,
BSDS500,160006,GWi_odps,321,481,0.007570,0.023160,0.006560,0.037291,0.0000,4.9300,0.2009,OK,
BSDS500,160006,GWC,321,481,0.007570,0.027458,,0.035028,0.0000,5.6556,1.3422,OK,
BSDS500,160006,Canny,321,481,0.007570,0.002777,,0.010348,0.0000,469.7255,49.9249,OK,
BSDS500,160006,Sobel,321,481,0.007570,0.002273,,0.009843,0.0000,1041.9913,87.3638,OK,
BSDS500,160006,LoG,321,481,0.007570,0.001356,,0.008927,0.0000,53.0000,3.3428,OK,
BSDS500,160006,ED,321,481,0.007570,0.003986,,0.011557,0.0000,255.0000,35.1713,OK,
BSDS500,160006,PC,321,481,0.007570,0.349334,,0.356904,0.0000,0.6795,0.0417,OK,
BSDS500,16004,GWi,321,481,0.006615,0.012051,,0.018666,0.0000,4.5556,0.5197,OK,
BSDS500,16004,GWi_odps,321,481,0.006615,0.020397,0.006230,0.033242,0.0000,4.5556,0.2552,OK,
BSDS500,16004,GWC,321,481,0.006615,0.024661,,0.031276,0.0000,4.7820,1.4001,OK,
BSDS500,16004,Canny,321,481,0.006615,0.002441,,0.009057,0.0000,419.0012,69.4434,OK,
BSDS500,16004,Sobel,321,481,0.006615,0.001987,,0.008603,0.0000,948.0084,108.2425,OK,
BSDS500,16004,LoG,321,481,0.006615,0.001169,,0.007784,0.0000,43.0000,4.4111,OK,
BSDS500,16004,ED,321,481,0.006615,0.003804,,0.010420,0.0000,255.0000,43.3844,OK,
BSDS500,16004,PC,321,481,0.006615,0.329913,,0.336529,0.0000,0.5759,0.0425,OK,
BSDS500,160067,GWi,321,481,0.005984,0.011135,,0.017119,0.0000,4.7789,0.5558,OK,
BSDS500,160067,GWi_odps,321,481,0.005984,0.019566,0.005656,0.031206,0.0000,4.7789,0.2776,OK,
BSDS500,160067,GWC,321,481,0.005984,0.023899,,0.029883,0.0000,5.8312,1.4742,OK,
BSDS500,160067,Canny,321,481,0.005984,0.002371,,0.008354,0.0000,485.7263,68.5695,OK,
BSDS500,160067,Sobel,321,481,0.005984,0.001963,,0.007947,0.0000,1073.5707,115.0671,OK,
BSDS500,160067,LoG,321,481,0.005984,0.001194,,0.007177,0.0000,50.0000,4.9695,OK,
BSDS500,160067,ED,321,481,0.005984,0.003648,,0.009631,0.0000,255.0000,42.0731,OK,
BSDS500,160067,PC,321,481,0.005984,0.322468,,0.328452,0.0000,0.6444,0.0437,OK,
BSDS500,16068,GWi,321,481,0.006634,0.012144,,0.018777,0.0000,5.3206,0.8890,OK,
BSDS500,16068,GWi_odps,321,481,0.006634,0.022652,0.006550,0.035835,0.0000,5.3206,0.4403,OK,
BSDS500,16068,GWC,321,481,0.006634,0.025832,,0.032466,0.0000,6.5412,1.7895,OK,
BSDS500,16068,Canny,321,481,0.006634,0.002571,,0.009204,0.0000,451.9934,98.1478,OK,
BSDS500,16068,Sobel,321,481,0.006634,0.002163,,0.008796,0.0000,1041.7034,188.6005,OK,
BSDS500,16068,LoG,321,481,0.006634,0.001210,,0.007844,0.0000,51.0000,7.6332,OK,
BSDS500,16068,ED,321,481,0.006634,0.004677,,0.011311,0.0000,255.0000,56.3408,OK,
BSDS500,16068,PC,321,481,0.006634,0.349211,,0.355844,0.0000,0.3987,0.0186,OK,
BSDS500,161045,GWi,321,481,0.006552,0.011301,,0.017852,0.0000,4.7900,0.6213,OK,
BSDS500,161045,GWi_odps,321,481,0.006552,0.021415,0.006234,0.034201,0.0000,4.7900,0.2928,OK,
BSDS500,161045,GWC,321,481,0.006552,0.025068,,0.031620,0.0082,6.2686,1.5555,OK,
BSDS500,161045,Canny,321,481,0.006552,0.002340,,0.008892,0.0000,485.4730,56.3595,OK,
BSDS500,161045,Sobel,321,481,0.006552,0.002076,,0.008628,0.0000,1088.3501,136.1728,OK,
BSDS500,161045,LoG,321,481,0.006552,0.001442,,0.007994,0.0000,59.0000,4.6836,OK,
BSDS500,161045,ED,321,481,0.006552,0.004255,,0.010807,0.0000,255.0000,43.8122,OK,
BSDS500,161045,PC,321,481,0.006552,0.333175,,0.339727,0.0000,0.6428,0.0342,OK,
BSDS500,163004,GWi,481,321,0.006509,0.012236,,0.018745,0.0000,4.1756,0.4168,OK,
BSDS500,163004,GWi_odps,481,321,0.006509,0.020172,0.006614,0.033295,0.0000,4.1756,0.1992,OK,
BSDS500,163004,GWC,481,321,0.006509,0.024181,,0.030690,0.0000,4.4136,1.3083,OK,
BSDS500,163004,Canny,481,321,0.006509,0.002545,,0.009054,0.0000,365.8743,51.1963,OK,
BSDS500,163004,Sobel,481,321,0.006509,0.002120,,0.008629,0.0000,783.6249,89.7073,OK,
BSDS500,163004,LoG,481,321,0.006509,0.001128,,0.007637,0.0000,36.0000,3.4290,OK,
BSDS500,163004,ED,481,321,0.006509,0.004620,,0.011129,0.0000,255.0000,50.7569,OK,
BSDS500,163004,PC,481,321,0.006509,0.329716,,0.336225,0.0000,0.5442,0.0311,OK,
BSDS500,163096,GWi,481,321,0.006178,0.010800,,0.016978,0.0000,4.2964,0.6665,OK,
BSDS500,163096,GWi_odps,481,321,0.006178,0.019097,0.006003,0.031278,0.0000,4.2964,0.3238,OK,
BSDS500,163096,GWC,481,321,0.006178,0.023957,,0.030135,0.0454,5.5595,1.5630,OK,
BSDS500,163096,Canny,481,321,0.006178,0.003046,,0.009224,0.0000,422.7339,69.3477,OK,
BSDS500,163096,Sobel,481,321,0.006178,0.002039,,0.008217,0.0000,939.0729,142.3863,OK,
BSDS500,163096,LoG,481,321,0.006178,0.001114,,0.007292,0.0000,48.0000,5.1944,OK,
BSDS500,163096,ED,481,321,0.006178,0.004432,,0.010610,0.0000,255.0000,55.7545,OK,
BSDS500,163096,PC,481,321,0.006178,0.327298,,0.333476,0.0000,0.5133,0.0216,OK,
BSDS500,164046,GWi,481,321,0.005937,0.010981,,0.016918,0.0000,4.2605,0.6204,OK,
BSDS500,164046,GWi_odps,481,321,0.005937,0.020354,0.006216,0.032507,0.0000,4.2605,0.2946,OK,
BSDS500,164046,GWC,481,321,0.005937,0.023975,,0.029912,0.0000,4.5136,1.4949,OK,
BSDS500,164046,Canny,481,321,0.005937,0.002364,,0.008301,0.0000,456.5085,67.6059,OK,
BSDS500,164046,Sobel,481,321,0.005937,0.001994,,0.007931,0.0000,944.9656,136.4189,OK,
BSDS500,164046,LoG,481,321,0.005937,0.001111,,0.007048,0.0000,46.0000,4.9581,OK,
BSDS500,164046,ED,481,321,0.005937,0.005203,,0.011140,0.0000,255.0000,60.4118,OK,
BSDS500,164046,PC,481,321,0.005937,0.321914,,0.327851,0.0000,0.5005,0.0220,OK,
BSDS500,168084,GWi,321,481,0.005870,0.010883,,0.016753,0.0000,4.5576,0.3277,OK,
BSDS500,168084,GWi_odps,321,481,0.005870,0.020416,0.005857,0.032143,0.0000,4.5576,0.1551,OK,
BSDS500,168084,GWC,321,481,0.005870,0.024185,,0.030056,0.0000,4.9737,1.2392,OK,
BSDS500,168084,Canny,321,481,0.005870,0.002466,,0.008337,0.0000,470.0319,44.1921,OK,
BSDS500,168084,Sobel,321,481,0.005870,0.002166,,0.008036,0.0000,1031.7218,68.0339,OK,
BSDS500,168084,LoG,321,481,0.005870,0.001180,,0.007050,0.0000,48.0000,2.6801,OK,
BSDS500,168084,ED,321,481,0.005870,0.003295,,0.009165,0.0000,255.0000,34.8112,OK,
BSDS500,168084,PC,321,481,0.005870,0.319411,,0.325281,0.0000,0.6630,0.0378,OK,
BSDS500,17067,GWi,481,321,0.006025,0.011178,,0.017203,0.0000,4.1912,0.5873,OK,
BSDS500,17067,GWi_odps,481,321,0.006025,0.020459,0.005799,0.032283,0.0000,4.1912,0.2815,OK,
BSDS500,17067,GWC,481,321,0.006025,0.023544,,0.029569,0.0149,4.8349,1.4783,OK,
BSDS500,17067,Canny,481,321,0.006025,0.002383,,0.008408,0.0000,340.3087,53.8561,OK,
BSDS500,17067,Sobel,481,321,0.006025,0.001975,,0.007999,0.0000,891.1622,127.3043,OK,
BSDS500,17067,LoG,481,321,0.006025,0.001158,,0.007183,0.0000,48.0000,4.2633,OK,
BSDS500,17067,ED,481,321,0.006025,0.004394,,0.010419,0.0000,255.0000,55.7743,OK,
BSDS500,17067,PC,481,321,0.006025,0.321333,,0.327358,0.0000,0.4866,0.0185,OK,
BSDS500,175083,GWi,321,481,0.006281,0.011049,,0.017331,0.0000,4.7620,0.8134,OK,
BSDS500,175083,GWi_odps,321,481,0.006281,0.019781,0.005870,0.031931,0.0000,4.7620,0.3961,OK,
BSDS500,175083,GWC,321,481,0.006281,0.023924,,0.030205,0.0078,5.9790,1.6827,OK,
BSDS500,175083,Canny,321,481,0.006281,0.002418,,0.008699,0.0000,475.2978,87.4022,OK,
BSDS500,175083,Sobel,321,481,0.006281,0.001992,,0.008273,0.0000,1050.9614,174.4947,OK,
BSDS500,175083,LoG,321,481,0.006281,0.001208,,0.007490,0.0000,59.0000,6.6600,OK,
BSDS500,175083,ED,321,481,0.006281,0.004929,,0.011210,0.0000,255.0000,58.4861,OK,
BSDS500,175083,PC,321,481,0.006281,0.319829,,0.326110,0.0000,0.4298,0.0212,OK,
BSDS500,176051,GWi,321,481,0.006032,0.010885,,0.016917,0.0000,4.4948,0.3356,OK,
BSDS500,176051,GWi_odps,321,481,0.006032,0.020074,0.005932,0.032038,0.0000,4.4948,0.1684,OK,
BSDS500,176051,GWC,321,481,0.006032,0.026725,,0.032757,0.0000,5.1076,1.2734,OK,
BSDS500,176051,Canny,321,481,0.006032,0.002412,,0.008444,0.0000,434.3017,41.2473,OK,
BSDS500,176051,Sobel,321,481,0.006032,0.002033,,0.008066,0.0000,995.3542,69.0468,OK,
BSDS500,176051,LoG,321,481,0.006032,0.001171,,0.007203,0.0000,44.0000,3.0351,OK,
BSDS500,176051,ED,321,481,0.006032,0.002930,,0.008962,0.0000,255.0000,25.8896,OK,
BSDS500,176051,PC,321,481,0.006032,0.317408,,0.323441,0.0000,0.6878,0.0416,OK,
BSDS500,179084,GWi,321,481,0.005952,0.010949,,0.016901,0.0000,4.3095,0.2598,OK,
BSDS500,179084,GWi_odps,321,481,0.005952,0.019187,0.005790,0.030928,0.0000,4.3095,0.1357,OK,
BSDS500,179084,GWC,321,481,0.005952,0.025919,,0.031871,0.0058,4.9424,1.2198,OK,
BSDS500,179084,Canny,321,481,0.005952,0.002358,,0.008310,0.0000,358.7450,26.9132,OK,
BSDS500,179084,Sobel,321,481,0.005952,0.002009,,0.007961,0.0000,872.7910,52.0262,OK,
BSDS500,179084,LoG,321,481,0.005952,0.001155,,0.007107,0.0000,37.0000,2.2663,OK,
BSDS500,179084,ED,321,481,0.005952,0.003331,,0.009283,0.0000,255.0000,35.8798,OK,
BSDS500,179084,PC,321,481,0.005952,0.321501,,0.327453,0.0000,0.6642,0.0279,OK,
BSDS500,181021,GWi,481,321,0.006031,0.010895,,0.016926,0.0000,4.3095,0.6026,OK,
BSDS500,181021,GWi_odps,481,321,0.006031,0.021348,0.005860,0.033238,0.0000,4.3095,0.3132,OK,
BSDS500,181021,GWC,481,321,0.006031,0.024420,,0.030451,0.0078,5.8113,1.5006,OK,
BSDS500,181021,Canny,481,321,0.006031,0.002345,,0.008376,0.0000,450.7993,67.6790,OK,
BSDS500,181021,Sobel,481,321,0.006031,0.002177,,0.008208,0.0000,998.5129,130.6236,OK,
BSDS500,181021,LoG,481,321,0.006031,0.001366,,0.007397,0.0000,42.0000,5.1631,OK,
BSDS500,181021,ED,481,321,0.006031,0.004415,,0.010446,0.0000,255.0000,55.5365,OK,
BSDS500,181021,PC,481,321,0.006031,0.320931,,0.326962,0.0000,0.5368,0.0209,OK,
BSDS500,183066,GWi,321,481,0.006106,0.011099,,0.017205,0.0000,4.2536,0.4264,OK,
BSDS500,183066,GWi_odps,321,481,0.006106,0.019322,0.005784,0.031212,0.0000,4.2536,0.2038,OK,
BSDS500,183066,GWC,321,481,0.006106,0.024219,,0.030325,0.0422,5.4464,1.3644,OK,
BSDS500,183066,Canny,321,481,0.006106,0.002204,,0.008310,0.0000,448.1607,38.2123,OK,
BSDS500,183066,Sobel,321,481,0.006106,0.002209,,0.008315,0.0000,945.9577,90.2864,OK,
BSDS500,183066,LoG,321,481,0.006106,0.001425,,0.007532,0.0000,38.0000,3.3062,OK,
BSDS500,183066,ED,321,481,0.006106,0.004354,,0.010460,0.0000,255.0000,48.7288,OK,
BSDS500,183066,PC,321,481,0.006106,0.319981,,0.326087,0.0000,0.6231,0.0223,OK,
BSDS500,185092,GWi,321,481,0.005846,0.011063,,0.016910,0.0000,4.7125,0.3649,OK,
BSDS500,185092,GWi_odps,321,481,0.005846,0.019869,0.006111,0.031826,0.0000,4.7125,0.1789,OK,
BSDS500,185092,GWC,321,481,0.005846,0.024270,,0.030116,0.0090,5.5593,1.2958,OK,
BSDS500,185092,Canny,321,481,0.005846,0.002325,,0.008171,0.0000,481.8070,40.8678,OK,
BSDS500,185092,Sobel,321,481,0.005846,0.002287,,0.008134,0.0000,1051.1603,75.3784,OK,
BSDS500,185092,LoG,321,481,0.005846,0.001530,,0.007377,0.0000,43.0000,2.9655,OK,
BSDS500,185092,ED,321,481,0.005846,0.003699,,0.009546,0.0000,255.0000,32.2596,OK,
BSDS500,185092,PC,321,481,0.005846,0.322768,,0.328614,0.0000,0.7022,0.0383,OK,
BSDS500,187058,GWi,321,481,0.006474,0.011146,,0.017620,0.0000,4.8881,0.8552,OK,
BSDS500,187058,GWi_odps,321,481,0.006474,0.019838,0.006022,0.032334,0.0000,4.8881,0.4104,OK,
BSDS500,187058,GWC,321,481,0.006474,0.024173,,0.030647,0.0000,5.8818,1.7261,OK,
BSDS500,187058,Canny,321,481,0.006474,0.002281,,0.008755,0.0000,453.8943,87.6911,OK,
BSDS500,187058,Sobel,321,481,0.006474,0.002234,,0.008708,0.0000,996.7477,182.7978,OK,
BSDS500,187058,LoG,321,481,0.006474,0.001415,,0.007889,0.0000,54.0000,6.9388,OK,
BSDS500,187058,ED,321,481,0.006474,0.005212,,0.011686,0.0000,255.0000,57.4919,OK,
BSDS500,187058,PC,321,481,0.006474,0.324052,,0.330526,0.0000,0.3912,0.0159,OK,
BSDS500,187099,GWi,321,481,0.006681,0.011043,,0.017724,0.0080,5.0262,1.0840,OK,
BSDS500,187099,GWi_odps,321,481,0.006681,0.019341,0.005800,0.031823,0.0000,5.0262,0.4950,OK,
BSDS500,187099,GWC,321,481,0.006681,0.024093,,0.030774,0.0199,6.3545,1.9628,OK,
BSDS500,187099,Canny,321,481,0.006681,0.002241,,0.008923,0.0000,425.0647,86.7969,OK,
BSDS500,187099,Sobel,321,481,0.006681,0.002142,,0.008823,0.0000,1064.8652,239.4478,OK,
BSDS500,187099,LoG,321,481,0.006681,0.001388,,0.008069,0.0000,53.0000,7.4611,OK,
BSDS500,187099,ED,321,481,0.006681,0.005269,,0.011951,0.0000,255.0000,65.2013,OK,
BSDS500,187099,PC,321,481,0.006681,0.324256,,0.330937,0.0000,0.3774,0.0070,OK,
BSDS500,188025,GWi,321,481,0.006498,0.012554,,0.019052,0.0000,4.1294,0.5059,OK,
BSDS500,188025,GWi_odps,321,481,0.006498,0.021867,0.006814,0.035179,0.0000,4.1294,0.2552,OK,
BSDS500,188025,GWC,321,481,0.006498,0.026882,,0.033380,0.0000,5.4232,1.3965,OK,
BSDS500,188025,Canny,321,481,0.006498,0.002710,,0.009208,0.0000,401.6018,50.8395,OK,
BSDS500,188025,Sobel,321,481,0.006498,0.002272,,0.008770,0.0000,986.6438,106.1414,OK,
BSDS500,188025,LoG,321,481,0.006498,0.001391,,0.007889,0.0000,46.0000,4.0261,OK,
BSDS500,188025,ED,321,481,0.006498,0.004670,,0.011168,0.0000,255.0000,50.4117,OK,
BSDS500,188025,PC,321,481,0.006498,0.339179,,0.345677,0.0000,0.5939,0.0238,OK,
BSDS500,189006,GWi,481,321,0.006119,0.010949,,0.017068,0.0000,4.5558,0.3342,OK,
BSDS500,189006,GWi_odps,481,321,0.006119,0.020085,0.005780,0.031983,0.0000,4.5558,0.1621,OK,
BSDS500,189006,GWC,481,321,0.006119,0.025105,,0.031223,0.0488,5.1390,1.2569,OK,
BSDS500,189006,Canny,481,321,0.006119,0.002381,,0.008499,0.0000,472.4510,45.7113,OK,
BSDS500,189006,Sobel,481,321,0.006119,0.002043,,0.008162,0.0000,1036.6340,70.1465,OK,
BSDS500,189006,LoG,481,321,0.006119,0.001284,,0.007403,0.0000,46.0000,3.0291,OK,
BSDS500,189006,ED,481,321,0.006119,0.003469,,0.009588,0.0000,255.0000,39.6073,OK,
BSDS500,189006,PC,481,321,0.006119,0.324096,,0.330215,0.0000,0.6487,0.0382,OK,
BSDS500,189013,GWi,481,321,0.006015,0.011069,,0.017084,0.0000,4.6214,0.3323,OK,
BSDS500,189013,GWi_odps,481,321,0.006015,0.019150,0.005904,0.031070,0.0000,4.6214,0.1636,OK,
BSDS500,189013,GWC,481,321,0.006015,0.023455,,0.029470,0.0000,4.8152,1.2668,OK,
BSDS500,189013,Canny,481,321,0.006015,0.002407,,0.008422,0.0000,495.9940,42.4374,OK,
BSDS500,189013,Sobel,481,321,0.006015,0.002017,,0.008033,0.0000,1085.0623,67.1099,OK,
BSDS500,189013,LoG,481,321,0.006015,0.001120,,0.007135,0.0000,44.0000,2.6620,OK,
BSDS500,189013,ED,481,321,0.006015,0.003270,,0.009286,0.0000,255.0000,36.9847,OK,
BSDS500,189013,PC,481,321,0.006015,0.325843,,0.331858,0.0000,0.6703,0.0377,OK,
BSDS500,189029,GWi,481,321,0.005935,0.010995,,0.016930,0.0000,3.9328,0.2809,OK,
BSDS500,189029,GWi_odps,481,321,0.005935,0.020301,0.006677,0.032913,0.0000,3.9328,0.1451,OK,
BSDS500,189029,GWC,481,321,0.005935,0.025557,,0.031492,0.0214,4.2061,1.1803,OK,
BSDS500,189029,Canny,481,321,0.005935,0.002475,,0.008410,0.0000,300.0433,31.1794,OK,
BSDS500,189029,Sobel,481,321,0.005935,0.002024,,0.007959,0.0000,808.9895,56.2790,OK,
BSDS500,189029,LoG,481,321,0.005935,0.001150,,0.007085,0.0000,29.0000,2.3208,OK,
BSDS500,189029,ED,481,321,0.005935,0.003361,,0.009296,0.0000,255.0000,33.9987,OK,
BSDS500,189029,PC,481,321,0.005935,0.323507,,0.329442,0.0000,0.6421,0.0386,OK,
BSDS500,189096,GWi,321,481,0.006532,0.011033,,0.017565,0.0000,4.5463,0.6509,OK,
BSDS500,189096,GWi_odps,321,481,0.006532,0.019669,0.005777,0.031978,0.0000,4.5463,0.3318,OK,
BSDS500,189096,GWC,321,481,0.006532,0.024596,,0.031127,0.0166,5.5665,1.5292,OK,
BSDS500,189096,Canny,321,481,0.006532,0.002428,,0.008959,0.0000,461.1139,84.5946,OK,
BSDS500,189096,Sobel,321,481,0.006532,0.002046,,0.008578,0.0000,1023.7744,138.3523,OK,
BSDS500,189096,LoG,321,481,0.006532,0.001478,,0.008009,0.0000,47.0000,5.9903,OK,
BSDS500,189096,ED,321,481,0.006532,0.004757,,0.011288,0.0000,255.0000,45.5843,OK,
BSDS500,189096,PC,321,481,0.006532,0.319866,,0.326398,0.0000,0.5195,0.0369,OK,
BSDS500,196027,GWi,481,321,0.005874,0.010968,,0.016842,0.0000,4.7596,0.2442,OK,
BSDS500,196027,GWi_odps,481,321,0.005874,0.019292,0.005799,0.030965,0.0000,4.7596,0.1274,OK,
BSDS500,196027,GWC,481,321,0.005874,0.025122,,0.030996,0.0000,5.1204,1.2105,OK,
BSDS500,196027,Canny,481,321,0.005874,0.002322,,0.008196,0.0000,508.3719,29.0326,OK,
BSDS500,196027,Sobel,481,321,0.005874,0.002016,,0.007890,0.0000,1058.7399,50.0417,OK,
BSDS500,196027,LoG,481,321,0.005874,0.001133,,0.007007,0.0000,40.0000,2.2892,OK,
BSDS500,196027,ED,481,321,0.005874,0.002682,,0.008556,0.0000,255.0000,21.6154,OK,
BSDS500,196027,PC,481,321,0.005874,0.323908,,0.329782,0.0000,0.7843,0.0300,OK,
BSDS500,196040,GWi,481,321,0.006316,0.010966,,0.017283,0.0000,5.3658,0.8730,OK,
BSDS500,196040,GWi_odps,481,321,0.006316,0.019537,0.005907,0.031760,0.0000,5.3658,0.4150,OK,
BSDS500,196040,GWC,481,321,0.006316,0.024635,,0.030952,0.0309,6.6890,1.7421,OK,
BSDS500,196040,Canny,481,321,0.006316,0.002331,,0.008647,0.0000,464.8118,90.2393,OK,
BSDS500,196040,Sobel,481,321,0.006316,0.002036,,0.008352,0.0000,1089.4816,187.4681,OK,
BSDS500,196040,LoG,481,321,0.006316,0.001124,,0.007441,0.0000,55.0000,6.7777,OK,
BSDS500,196040,ED,481,321,0.006316,0.004471,,0.010787,0.0000,255.0000,56.6034,OK,
BSDS500,196040,PC,481,321,0.006316,0.325944,,0.332260,0.0000,0.4943,0.0133,OK,
BSDS500,196062,GWi,321,481,0.005928,0.010902,,0.016830,0.0033,4.2090,0.4864,OK,
BSDS500,196062,GWi_odps,321,481,0.005928,0.019610,0.005837,0.031375,0.0000,4.2090,0.2334,OK,
BSDS500,196062,GWC,321,481,0.005928,0.024494,,0.030422,0.0211,5.2176,1.3650,OK,
BSDS500,196062,Canny,321,481,0.005928,0.002533,,0.008461,0.0000,429.5114,54.9720,OK,
BSDS500,196062,Sobel,321,481,0.005928,0.002018,,0.007947,0.0000,934.1370,103.8674,OK,
BSDS500,196062,LoG,321,481,0.005928,0.001138,,0.007067,0.0000,40.0000,3.7224,OK,
BSDS500,196062,ED,321,481,0.005928,0.004445,,0.010373,0.0000,255.0000,53.3845,OK,
BSDS500,196062,PC,321,481,0.005928,0.325473,,0.331401,0.0000,0.5433,0.0253,OK,
BSDS500,196088,GWi,321,481,0.006262,0.010966,,0.017228,0.0000,4.5315,0.9472,OK,
BSDS500,196088,GWi_odps,321,481,0.006262,0.020113,0.005708,0.032083,0.0000,4.5315,0.4397,OK,
BSDS500,196088,GWC,321,481,0.006262,0.024096,,0.030358,0.0628,6.2412,1.7925,OK,
BSDS500,196088,Canny,321,481,0.006262,0.002347,,0.008609,0.0000,420.4759,91.1369,OK,
BSDS500,196088,Sobel,321,481,0.006262,0.002029,,0.008291,0.0000,1032.3042,211.3542,OK,
BSDS500,196088,LoG,321,481,0.006262,0.001129,,0.007391,0.0000,47.0000,7.1898,OK,
BSDS500,196088,ED,321,481,0.006262,0.004996,,0.011258,0.0000,255.0000,60.2268,OK,
BSDS500,196088,PC,321,481,0.006262,0.327707,,0.333969,0.0000,0.3259,0.0107,OK,
BSDS500,198087,GWi,481,321,0.006435,0.010768,,0.017202,0.0000,4.6970,0.3125,OK,
BSDS500,198087,GWi_odps,481,321,0.006435,0.020604,0.006139,0.033178,0.0000,4.6970,0.1666,OK,
BSDS500,198087,GWC,481,321,0.006435,0.024523,,0.030958,0.0081,5.7986,1.2827,OK,
BSDS500,198087,Canny,481,321,0.006435,0.002293,,0.008728,0.0000,456.2149,34.4517,OK,
BSDS500,198087,Sobel,481,321,0.006435,0.002087,,0.008522,0.0000,1034.0077,60.6219,OK,
BSDS500,198087,LoG,481,321,0.006435,0.001158,,0.007593,0.0000,52.0000,2.7077,OK,
BSDS500,198087,ED,481,321,0.006435,0.002901,,0.009336,0.0000,255.0000,26.3917,OK,
BSDS500,198087,PC,481,321,0.006435,0.319766,,0.326201,0.0000,0.7284,0.0399,OK,
BSDS500,20069,GWi,481,321,0.006103,0.010887,,0.016990,0.0000,4.2345,0.3015,OK,
BSDS500,20069,GWi_odps,481,321,0.006103,0.018732,0.005920,0.030755,0.0000,4.2345,0.1557,OK,
BSDS500,20069,GWC,481,321,0.006103,0.024003,,0.030106,0.0000,5.3589,1.2369,OK,
BSDS500,20069,Canny,481,321,0.006103,0.002300,,0.008403,0.0000,412.4197,39.3195,OK,
BSDS500,20069,Sobel,481,321,0.006103,0.002038,,0.008141,0.0000,950.5041,60.9910,OK,
BSDS500,20069,LoG,481,321,0.006103,0.001141,,0.007243,0.0000,46.0000,2.7322,OK,
BSDS500,20069,ED,481,321,0.006103,0.003063,,0.009165,0.0000,255.0000,34.9483,OK,
BSDS500,20069,PC,481,321,0.006103,0.320737,,0.326840,0.0000,0.6351,0.0347,OK,
BSDS500,201080,GWi,321,481,0.006722,0.011434,,0.018156,0.0000,4.8373,0.3664,OK,
BSDS500,201080,GWi_odps,321,481,0.006722,0.020094,0.006180,0.032996,0.0000,4.8373,0.1920,OK,
BSDS500,201080,GWC,321,481,0.006722,0.024025,,0.030747,0.0035,6.2433,1.3490,OK,
BSDS500,201080,Canny,321,481,0.006722,0.002422,,0.009144,0.0000,487.0914,39.0301,OK,
BSDS500,201080,Sobel,321,481,0.006722,0.002040,,0.008762,0.0000,1086.5155,77.7394,OK,
BSDS500,201080,LoG,321,481,0.006722,0.001140,,0.007862,0.0000,54.0000,3.1620,OK,
BSDS500,201080,ED,321,481,0.006722,0.003431,,0.010153,0.0000,255.0000,27.5081,OK,
BSDS500,201080,PC,321,481,0.006722,0.322219,,0.328941,0.0000,0.7632,0.0321,OK,
BSDS500,2018,GWi,481,321,0.006126,0.010906,,0.017032,0.0000,4.2723,0.4056,OK,
BSDS500,2018,GWi_odps,481,321,0.006126,0.020446,0.006029,0.032601,0.0000,4.2723,0.2059,OK,
BSDS500,2018,GWC,481,321,0.006126,0.024486,,0.030611,0.0541,5.5500,1.3631,OK,
BSDS500,2018,Canny,481,321,0.006126,0.002442,,0.008568,0.0000,417.0971,40.7763,OK,
BSDS500,2018,Sobel,481,321,0.006126,0.002059,,0.008185,0.0000,938.3230,82.4200,OK,
BSDS500,2018,LoG,481,321,0.006126,0.001160,,0.007286,0.0000,46.0000,3.4488,OK,
BSDS500,2018,ED,481,321,0.006126,0.003545,,0.009671,0.0000,255.0000,33.0226,OK,
BSDS500,2018,PC,481,321,0.006126,0.322416,,0.328542,0.0000,0.6653,0.0341,OK,
BSDS500,202000,GWi,321,481,0.006580,0.011043,,0.017624,0.0000,5.2069,0.6640,OK,
BSDS500,202000,GWi_odps,321,481,0.006580,0.019802,0.006045,0.032427,0.0000,5.2069,0.3082,OK,
BSDS500,202000,GWC,321,481,0.006580,0.023719,,0.030299,0.0129,6.3076,1.6098,OK,
BSDS500,202000,Canny,321,481,0.006580,0.002627,,0.009208,0.0000,506.6222,55.7604,OK,
BSDS500,202000,Sobel,321,481,0.006580,0.002251,,0.008832,0.0000,1113.5978,146.8476,OK,
BSDS500,202000,LoG,321,481,0.006580,0.001292,,0.007873,0.0000,56.0000,4.7428,OK,
BSDS500,202000,ED,321,481,0.006580,0.004756,,0.011336,0.0000,255.0000,46.8246,OK,
BSDS500,202000,PC,321,481,0.006580,0.323607,,0.330187,0.0000,0.6186,0.0299,OK,
BSDS500,206062,GWi,321,481,0.006199,0.010952,,0.017151,0.0000,4.5652,0.4301,OK,
BSDS500,206062,GWi_odps,321,481,0.006199,0.019794,0.005866,0.031859,0.0000,4.5652,0.2184,OK,
BSDS500,206062,GWC,321,481,0.006199,0.024222,,0.030420,0.0032,5.5521,1.3623,OK,
BSDS500,206062,Canny,321,481,0.006199,0.002392,,0.008591,0.0000,482.2717,47.1085,OK,
BSDS500,206062,Sobel,321,481,0.006199,0.002059,,0.008258,0.0000,1054.0684,90.7520,OK,
BSDS500,206062,LoG,321,481,0.006199,0.001165,,0.007364,0.0000,47.0000,3.6936,OK,
BSDS500,206062,ED,321,481,0.006199,0.004019,,0.010218,0.0000,255.0000,46.7783,OK,
BSDS500,206062,PC,321,481,0.006199,0.322928,,0.329127,0.0000,0.6492,0.0309,OK,
BSDS500,206097,GWi,321,481,0.006133,0.010982,,0.017115,0.0000,4.2756,0.4009,OK,
BSDS500,206097,GWi_odps,321,481,0.006133,0.020033,0.006167,0.032332,0.0000,4.2756,0.2004,OK,
BSDS500,206097,GWC,321,481,0.006133,0.024208,,0.030341,0.0086,4.5552,1.3054,OK,
BSDS500,206097,Canny,321,481,0.006133,0.002406,,0.008538,0.0000,402.6040,40.5904,OK,
BSDS500,206097,Sobel,321,481,0.006133,0.002008,,0.008141,0.0000,865.6431,83.2743,OK,
BSDS500,206097,LoG,321,481,0.006133,0.001156,,0.007288,0.0000,47.0000,3.0564,OK,
BSDS500,206097,ED,321,481,0.006133,0.004580,,0.010713,0.0000,255.0000,56.6694,OK,
BSDS500,206097,PC,321,481,0.006133,0.323215,,0.329348,0.0000,0.5506,0.0188,OK,
BSDS500,207038,GWi,321,481,0.006131,0.011411,,0.017543,0.0000,4.8927,0.7899,OK,
BSDS500,207038,GWi_odps,321,481,0.006131,0.019736,0.005913,0.031781,0.0000,4.8927,0.3837,OK,
BSDS500,207038,GWC,321,481,0.006131,0.024094,,0.030225,0.0193,6.0838,1.6938,OK,
BSDS500,207038,Canny,321,481,0.006131,0.002457,,0.008588,0.0000,451.0100,77.8608,OK,
BSDS500,207038,Sobel,321,481,0.006131,0.002014,,0.008145,0.0000,1048.1536,171.8196,OK,
BSDS500,207038,LoG,321,481,0.006131,0.001158,,0.007289,0.0000,52.0000,5.8784,OK,
BSDS500,207038,ED,321,481,0.006131,0.004608,,0.010740,0.0000,255.0000,56.6975,OK,
BSDS500,207038,PC,321,481,0.006131,0.328314,,0.334445,0.0000,0.4978,0.0205,OK,
BSDS500,207049,GWi,321,481,0.006278,0.011031,,0.017309,0.0000,5.0772,1.0395,OK,
BSDS500,207049,GWi_odps,321,481,0.006278,0.020405,0.005891,0.032574,0.0000,5.0772,0.4731,OK,
BSDS500,207049,GWC,321,481,0.006278,0.025738,,0.032016,0.0071,5.9577,1.8954,OK,
BSDS500,207049,Canny,321,481,0.006278,0.002456,,0.008734,0.0000,482.7132,87.4739,OK,
BSDS500,207049,Sobel,321,481,0.006278,0.002002,,0.008280,0.0000,1085.2465,233.8893,OK,
BSDS500,207049,LoG,321,481,0.006278,0.001149,,0.007427,0.0000,47.0000,7.2040,OK,
BSDS500,207049,ED,321,481,0.006278,0.005378,,0.011656,0.0000,255.0000,67.0279,OK,
BSDS500,207049,PC,321,481,0.006278,0.323910,,0.330189,0.0000,0.4177,0.0077,OK,
BSDS500,208078,GWi,321,481,0.006316,0.010912,,0.017229,0.0000,4.7753,0.7619,OK,
BSDS500,208078,GWi_odps,321,481,0.006316,0.018986,0.006011,0.031313,0.0000,4.7753,0.3859,OK,
BSDS500,208078,GWC,321,481,0.006316,0.024499,,0.030816,0.0000,5.9364,1.6507,OK,
BSDS500,208078,Canny,321,481,0.006316,0.002408,,0.008724,0.0000,470.3807,103.3159,OK,
BSDS500,208078,Sobel,321,481,0.006316,0.002788,,0.009104,0.0000,1039.7942,158.6845,OK,
BSDS500,208078,LoG,321,481,0.006316,0.001299,,0.007616,0.0000,51.0000,7.1304,OK,
BSDS500,208078,ED,321,481,0.006316,0.003609,,0.009925,0.0000,255.0000,40.6627,OK,
BSDS500,208078,PC,321,481,0.006316,0.318811,,0.325127,0.0000,0.5266,0.0421,OK,
BSDS500,209021,GWi,321,481,0.005881,0.011060,,0.016941,0.0000,4.6486,0.7142,OK,
BSDS500,209021,GWi_odps,321,481,0.005881,0.019566,0.005854,0.031301,0.0000,4.6486,0.3456,OK,
BSDS500,209021,GWC,321,481,0.005881,0.023781,,0.029662,0.0056,4.9284,1.5448,OK,
BSDS500,209021,Canny,321,481,0.005881,0.002441,,0.008322,0.0000,497.7751,83.8682,OK,
BSDS500,209021,Sobel,321,481,0.005881,0.002137,,0.008018,0.0000,1048.1460,155.4071,OK,
BSDS500,209021,LoG,321,481,0.005881,0.001252,,0.007133,0.0000,53.0000,5.9831,OK,
BSDS500,209021,ED,321,481,0.005881,0.004966,,0.010846,0.0000,255.0000,57.4143,OK,
BSDS500,209021,PC,321,481,0.005881,0.322458,,0.328338,0.0000,0.4608,0.0169,OK,
BSDS500,217013,GWi,481,321,0.005980,0.011122,,0.017102,0.0000,5.5808,0.8292,OK,
BSDS500,217013,GWi_odps,481,321,0.005980,0.018822,0.006541,0.031342,0.0000,5.5808,0.3919,OK,
BSDS500,217013,GWC,481,321,0.005980,0.025452,,0.031432,0.1519,7.0050,1.6464,OK,
BSDS500,217013,Canny,481,321,0.005980,0.002445,,0.008425,0.0000,469.9298,67.5719,OK,
BSDS500,217013,Sobel,481,321,0.005980,0.002042,,0.008022,0.0000,1131.5299,181.9134,OK,
BSDS500,217013,LoG,481,321,0.005980,0.001214,,0.007194,0.0000,52.0000,5.6431,OK,
BSDS500,217013,ED,481,321,0.005980,0.004655,,0.010635,0.0000,255.0000,52.1987,OK,
BSDS500,217013,PC,481,321,0.005980,0.340189,,0.346169,0.0000,0.4918,0.0208,OK,
BSDS500,217090,GWi,321,481,0.006630,0.012069,,0.018698,0.0000,4.8030,0.7526,OK,
BSDS500,217090,GWi_odps,321,481,0.006630,0.022403,0.006605,0.035637,0.0000,4.8030,0.3827,OK,
BSDS500,217090,GWC,321,481,0.006630,0.026416,,0.033046,0.0569,5.6057,1.6458,OK,
BSDS500,217090,Canny,321,481,0.006630,0.002677,,0.009307,0.0000,485.3246,81.3432,OK,
BSDS500,217090,Sobel,321,481,0.006630,0.002332,,0.008962,0.0000,1098.1848,161.7555,OK,
BSDS500,217090,LoG,321,481,0.006630,0.001312,,0.007941,0.0000,58.0000,6.0771,OK,
BSDS500,217090,ED,321,481,0.006630,0.004985,,0.011615,0.0000,255.0000,56.9799,OK,
BSDS500,217090,PC,321,481,0.006630,0.357356,,0.363985,0.0000,0.5190,0.0250,OK,
BSDS500,220003,GWi,321,481,0.006285,0.011740,,0.018025,0.0000,5.1164,0.8379,OK,
BSDS500,220003,GWi_odps,321,481,0.006285,0.020902,0.006407,0.033594,0.0000,5.1164,0.3920,OK,
BSDS500,220003,GWC,321,481,0.006285,0.024818,,0.031103,0.0000,6.2290,1.7078,OK,
BSDS500,220003,Canny,321,481,0.006285,0.002596,,0.008881,0.0000,471.2282,75.8369,OK,
BSDS500,220003,Sobel,321,481,0.006285,0.002187,,0.008472,0.0000,1059.2771,184.6562,OK,
BSDS500,220003,LoG,321,481,0.006285,0.001166,,0.007452,0.0000,48.0000,5.9786,OK,
BSDS500,220003,ED,321,481,0.006285,0.005917,,0.012202,0.0000,255.0000,61.0047,OK,
BSDS500,220003,PC,321,481,0.006285,0.324187,,0.330473,0.0000,0.4156,0.0145,OK,
BSDS500,223004,GWi,481,321,0.005990,0.010897,,0.016887,0.0000,4.2783,0.4070,OK,
BSDS500,223004,GWi_odps,481,321,0.005990,0.018908,0.005929,0.030828,0.0000,4.2783,0.2192,OK,
BSDS500,223004,GWC,481,321,0.005990,0.023984,,0.029974,0.0276,5.4643,1.3764,OK,
BSDS500,223004,Canny,481,321,0.005990,0.002360,,0.008350,0.0000,485.8662,47.5270,OK,
BSDS500,223004,Sobel,481,321,0.005990,0.002059,,0.008048,0.0000,1037.1162,85.3647,OK,
BSDS500,223004,LoG,481,321,0.005990,0.001136,,0.007125,0.0000,44.0000,3.5944,OK,
BSDS500,223004,ED,481,321,0.005990,0.003487,,0.009477,0.0000,255.0000,39.4471,OK,
BSDS500,223004,PC,481,321,0.005990,0.322844,,0.328834,0.0000,0.7225,0.0397,OK,
BSDS500,223060,GWi,321,481,0.006113,0.011767,,0.017880,0.0000,4.5234,0.5521,OK,
BSDS500,223060,GWi_odps,321,481,0.006113,0.019559,0.006094,0.031766,0.0000,4.5234,0.2738,OK,
BSDS500,223060,GWC,321,481,0.006113,0.023488,,0.029601,0.0233,5.7613,1.4973,OK,
BSDS500,223060,Canny,321,481,0.006113,0.002421,,0.008534,0.0000,439.2289,50.0258,OK,
BSDS500,223060,Sobel,321,481,0.006113,0.001991,,0.008104,0.0000,1042.8749,111.5330,OK,
BSDS500,223060,LoG,321,481,0.006113,0.001155,,0.007268,0.0000,43.0000,4.2803,OK,
BSDS500,223060,ED,321,481,0.006113,0.004154,,0.010267,0.0000,255.0000,45.6123,OK,
BSDS500,223060,PC,321,481,0.006113,0.320098,,0.326210,0.0000,0.6175,0.0270,OK,
BSDS500,225022,GWi,481,321,0.005973,0.011743,,0.017717,0.0000,4.9789,0.3749,OK,
BSDS500,225022,GWi_odps,481,321,0.005973,0.020745,0.008389,0.035108,0.0000,4.9789,0.1825,OK,
BSDS500,225022,GWC,481,321,0.005973,0.024207,,0.030181,0.0000,6.1928,1.3143,OK,
BSDS500,225022,Canny,481,321,0.005973,0.002434,,0.008407,0.0000,459.9217,38.8547,OK,
BSDS500,225022,Sobel,481,321,0.005973,0.002059,,0.008033,0.0000,1083.1694,78.9683,OK,
BSDS500,225022,LoG,481,321,0.005973,0.001140,,0.007113,0.0000,53.0000,3.1965,OK,
BSDS500,225022,ED,481,321,0.005973,0.003710,,0.009684,0.0000,255.0000,35.8055,OK,
BSDS500,225022,PC,481,321,0.005973,0.323069,,0.329042,0.0000,0.6779,0.0326,OK,
BSDS500,226022,GWi,321,481,0.005847,0.010858,,0.016705,0.0000,5.3021,0.7821,OK,
BSDS500,226022,GWi_odps,321,481,0.005847,0.018854,0.006557,0.031258,0.0000,5.3021,0.3880,OK,
BSDS500,226022,GWC,321,481,0.005847,0.023997,,0.029843,0.0066,6.4172,1.6803,OK,
BSDS500,226022,Canny,321,481,0.005847,0.004480,,0.010327,0.0000,504.0674,86.3768,OK,
BSDS500,226022,Sobel,321,481,0.005847,0.002002,,0.007849,0.0000,1093.4944,168.2848,OK,
BSDS500,226022,LoG,321,481,0.005847,0.001332,,0.007178,0.0000,64.0000,6.9021,OK,
BSDS500,226022,ED,321,481,0.005847,0.003987,,0.009834,0.0000,255.0000,57.9048,OK,
BSDS500,226022,PC,321,481,0.005847,0.322689,,0.328536,0.0000,0.5282,0.0260,OK,
BSDS500,226033,GWi,321,481,0.006105,0.011153,,0.017258,0.0000,5.0644,0.8638,OK,
BSDS500,226033,GWi_odps,321,481,0.006105,0.018591,0.005800,0.030496,0.0000,5.0644,0.4474,OK,
BSDS500,226033,GWC,321,481,0.006105,0.025375,,0.031480,0.0000,7.0631,1.7253,OK,
BSDS500,226033,Canny,321,481,0.006105,0.002490,,0.008595,0.0000,508.0157,113.3805,OK,
BSDS500,226033,Sobel,321,481,0.006105,0.002092,,0.008197,0.0000,1116.7784,190.5484,OK,
BSDS500,226033,LoG,321,481,0.006105,0.001293,,0.007398,0.0000,52.0000,8.2906,OK,
BSDS500,226033,ED,321,481,0.006105,0.004298,,0.010403,0.0000,255.0000,57.4027,OK,
BSDS500,226033,PC,321,481,0.006105,0.322064,,0.328169,0.0000,0.3843,0.0213,OK,
BSDS500,226043,GWi,481,321,0.005921,0.012463,,0.018385,0.0000,4.8467,0.4723,OK,
BSDS500,226043,GWi_odps,481,321,0.005921,0.020145,0.006802,0.032869,0.0000,4.8467,0.2315,OK,
BSDS500,226043,GWC,481,321,0.005921,0.024620,,0.030541,0.0000,5.7554,1.3519,OK,
BSDS500,226043,Canny,481,321,0.005921,0.002564,,0.008485,0.0000,483.6404,72.1188,OK,
BSDS500,226043,Sobel,481,321,0.005921,0.002084,,0.008005,0.0000,1032.4186,97.6104,OK,
BSDS500,226043,LoG,481,321,0.005921,0.001163,,0.007084,0.0000,47.0000,4.2006,OK,
BSDS500,226043,ED,481,321,0.005921,0.003619,,0.009541,0.0000,255.0000,35.6073,OK,
BSDS500,226043,PC,481,321,0.005921,0.320197,,0.326118,0.0000,0.6217,0.0509,OK,
BSDS500,226060,GWi,481,321,0.005722,0.011362,,0.017084,0.0000,4.8857,0.4369,OK,
BSDS500,226060,GWi_odps,481,321,0.005722,0.019104,0.006126,0.030952,0.0000,4.8857,0.2122,OK,
BSDS500,226060,GWC,481,321,0.005722,0.024535,,0.030257,0.0091,6.5871,1.3175,OK,
BSDS500,226060,Canny,481,321,0.005722,0.002575,,0.008297,0.0000,440.3362,56.5988,OK,
BSDS500,226060,Sobel,481,321,0.005722,0.002199,,0.007921,0.0000,1050.6721,91.1342,OK,
BSDS500,226060,LoG,481,321,0.005722,0.001323,,0.007045,0.0000,53.0000,3.6398,OK,
BSDS500,226060,ED,481,321,0.005722,0.003984,,0.009706,0.0000,255.0000,38.0598,OK,
BSDS500,226060,PC,481,321,0.005722,0.326402,,0.332124,0.0000,0.6188,0.0377,OK,
BSDS500,228076,GWi,321,481,0.005994,0.010874,,0.016868,0.0000,4.7922,0.3775,OK,
BSDS500,228076,GWi_odps,321,481,0.005994,0.021323,0.005706,0.033024,0.0000,4.7922,0.1930,OK,
BSDS500,228076,GWC,321,481,0.005994,0.025514,,0.031508,0.0671,5.2112,1.3452,OK,
BSDS500,228076,Canny,321,481,0.005994,0.002697,,0.008691,0.0000,425.2176,37.9205,OK,
BSDS500,228076,Sobel,321,481,0.005994,0.001968,,0.007962,0.0000,1053.3993,77.9241,OK,
BSDS500,228076,LoG,321,481,0.005994,0.001135,,0.007129,0.0000,60.0000,3.1031,OK,
BSDS500,228076,ED,321,481,0.005994,0.003072,,0.009066,0.0000,255.0000,29.9640,OK,
BSDS500,228076,PC,321,481,0.005994,0.321149,,0.327143,0.0000,0.7344,0.0407,OK,
BSDS500,230063,GWi,481,321,0.005826,0.011333,,0.017159,0.0000,4.9042,0.5197,OK,
BSDS500,230063,GWi_odps,481,321,0.005826,0.019325,0.005897,0.031048,0.0000,4.9042,0.2665,OK,
BSDS500,230063,GWC,481,321,0.005826,0.023545,,0.029371,0.0000,6.0519,1.4398,OK,
BSDS500,230063,Canny,481,321,0.005826,0.002375,,0.008201,0.0000,479.3078,60.6866,OK,
BSDS500,230063,Sobel,481,321,0.005826,0.002024,,0.007850,0.0000,1061.2389,107.8762,OK,
BSDS500,230063,LoG,481,321,0.005826,0.001135,,0.006961,0.0000,57.0000,4.3432,OK,
BSDS500,230063,ED,481,321,0.005826,0.003732,,0.009559,0.0000,255.0000,44.1920,OK,
BSDS500,230063,PC,481,321,0.005826,0.330210,,0.336036,0.0000,0.6539,0.0418,OK,
BSDS500,230098,GWi,481,321,0.007149,0.012422,,0.019571,0.0000,4.7349,0.4853,OK,
BSDS500,230098,GWi_odps,481,321,0.007149,0.022303,0.006592,0.036045,0.0000,4.7349,0.2373,OK,
BSDS500,230098,GWC,481,321,0.007149,0.026675,,0.033824,0.0000,6.3117,1.3806,OK,
BSDS500,230098,Canny,481,321,0.007149,0.002721,,0.009870,0.0000,463.3832,57.1696,OK,
BSDS500,230098,Sobel,481,321,0.007149,0.002332,,0.009481,0.0000,1027.6196,101.3176,OK,
BSDS500,230098,LoG,481,321,0.007149,0.001580,,0.008730,0.0000,46.0000,3.9252,OK,
BSDS500,230098,ED,481,321,0.007149,0.004288,,0.011437,0.0000,255.0000,47.5463,OK,
BSDS500,230098,PC,481,321,0.007149,0.331874,,0.339023,0.0000,0.6612,0.0354,OK,
BSDS500,23050,GWi,481,321,0.006151,0.010887,,0.017038,0.0000,4.7103,0.5639,OK,
BSDS500,23050,GWi_odps,481,321,0.006151,0.019068,0.006250,0.031469,0.0000,4.7103,0.2776,OK,
BSDS500,23050,GWC,481,321,0.006151,0.023531,,0.029682,0.0780,5.2031,1.4684,OK,
BSDS500,23050,Canny,481,321,0.006151,0.002410,,0.008560,0.0000,433.5366,61.4617,OK,
BSDS500,23050,Sobel,481,321,0.006151,0.002061,,0.008211,0.0000,1043.4376,119.9499,OK,
BSDS500,23050,LoG,481,321,0.006151,0.001172,,0.007322,0.0000,58.0000,4.5579,OK,
BSDS500,23050,ED,481,321,0.006151,0.004734,,0.010884,0.0000,255.0000,53.0608,OK,
BSDS500,23050,PC,481,321,0.006151,0.339590,,0.345741,0.0000,0.5606,0.0345,OK,
BSDS500,232076,GWi,321,481,0.006700,0.012322,,0.019022,0.0000,4.2708,0.5081,OK,
BSDS500,232076,GWi_odps,321,481,0.006700,0.020710,0.005869,0.033280,0.0000,4.2708,0.2387,OK,
BSDS500,232076,GWC,321,481,0.006700,0.023497,,0.030197,0.0185,4.5627,1.3632,OK,
BSDS500,232076,Canny,321,481,0.006700,0.002349,,0.009049,0.0000,292.9334,43.9456,OK,
BSDS500,232076,Sobel,321,481,0.006700,0.002112,,0.008811,0.0000,859.8430,110.2024,OK,
BSDS500,232076,LoG,321,481,0.006700,0.001172,,0.007872,0.0000,37.0000,3.4309,OK,
BSDS500,232076,ED,321,481,0.006700,0.004607,,0.011307,0.0000,255.0000,55.1896,OK,
BSDS500,232076,PC,321,481,0.006700,0.319917,,0.326617,0.0000,0.5486,0.0153,OK,
BSDS500,235098,GWi,321,481,0.006102,0.010992,,0.017093,0.0042,4.5077,0.5958,OK,
BSDS500,235098,GWi_odps,321,481,0.006102,0.020336,0.006107,0.032545,0.0000,4.5077,0.3010,OK,
BSDS500,235098,GWC,321,481,0.006102,0.024049,,0.030150,0.0095,6.3548,1.5421,OK,
BSDS500,235098,Canny,321,481,0.006102,0.002365,,0.008466,0.0000,444.9359,63.6638,OK,
BSDS500,235098,Sobel,321,481,0.006102,0.002076,,0.008178,0.0000,1007.5316,123.1165,OK,
BSDS500,235098,LoG,321,481,0.006102,0.001240,,0.007341,0.0000,54.0000,5.1594,OK,
BSDS500,235098,ED,321,481,0.006102,0.003727,,0.009828,0.0000,255.0000,33.5214,OK,
BSDS500,235098,PC,321,481,0.006102,0.325642,,0.331743,0.0000,0.6214,0.0426,OK,
BSDS500,238025,GWi,481,321,0.006088,0.011514,,0.017602,0.0037,4.5782,0.5504,OK,
BSDS500,238025,GWi_odps,481,321,0.006088,0.020494,0.006280,0.032861,0.0000,4.5782,0.2691,OK,
BSDS500,238025,GWC,481,321,0.006088,0.024423,,0.030511,0.0121,5.3825,1.4389,OK,
BSDS500,238025,Canny,481,321,0.006088,0.002397,,0.008485,0.0000,476.1029,51.0401,OK,
BSDS500,238025,Sobel,481,321,0.006088,0.002010,,0.008097,0.0000,1033.6973,117.6086,OK,
BSDS500,238025,LoG,481,321,0.006088,0.001144,,0.007231,0.0000,46.0000,4.1600,OK,
BSDS500,238025,ED,481,321,0.006088,0.004518,,0.010606,0.0000,255.0000,58.9684,OK,
BSDS500,238025,PC,481,321,0.006088,0.328997,,0.335085,0.0000,0.5375,0.0194,OK,
BSDS500,243095,GWi,481,321,0.006013,0.011419,,0.017431,0.0000,4.3724,0.4209,OK,
BSDS500,243095,GWi_odps,481,321,0.006013,0.017328,0.005900,0.029241,0.0000,4.3724,0.2262,OK,
BSDS500,243095,GWC,481,321,0.006013,0.026676,,0.032688,0.0083,5.4528,1.6054,OK,
BSDS500,243095,Canny,481,321,0.006013,0.002326,,0.008338,0.0000,452.0398,47.8077,OK,
BSDS500,243095,Sobel,481,321,0.006013,0.002100,,0.008113,0.0000,996.5420,84.8508,OK,
BSDS500,243095,LoG,481,321,0.006013,0.001149,,0.007161,0.0000,51.0000,3.5159,OK,
BSDS500,243095,ED,481,321,0.006013,0.003356,,0.009369,0.0000,255.0000,39.8798,OK,
BSDS500,243095,PC,481,321,0.006013,0.321057,,0.327069,0.0000,0.6957,0.0399,OK,
BSDS500,246009,GWi,481,321,0.006692,0.010970,,0.017662,0.0000,4.2751,0.4946,OK,
BSDS500,246009,GWi_odps,481,321,0.006692,0.018355,0.005875,0.030922,0.0000,4.2751,0.2273,OK,
BSDS500,246009,GWC,481,321,0.006692,0.023466,,0.030158,0.0000,5.2069,1.3940,OK,
BSDS500,246009,Canny,481,321,0.006692,0.002414,,0.009106,0.0000,447.1532,55.2219,OK,
BSDS500,246009,Sobel,481,321,0.006692,0.002069,,0.008761,0.0000,997.0396,106.6520,OK,
BSDS500,246009,LoG,481,321,0.006692,0.001129,,0.007821,0.0000,47.0000,3.7984,OK,
BSDS500,246009,ED,481,321,0.006692,0.003640,,0.010331,0.0000,255.0000,41.8336,OK,
BSDS500,246009,PC,481,321,0.006692,0.327587,,0.334279,0.0000,0.6835,0.0360,OK,
BSDS500,247003,GWi,321,481,0.006008,0.011013,,0.017021,0.0000,4.3028,0.5450,OK,
BSDS500,247003,GWi_odps,321,481,0.006008,0.019401,0.005912,0.031321,0.0000,4.3028,0.2514,OK,
BSDS500,247003,GWC,321,481,0.006008,0.023827,,0.029834,0.0000,5.2189,1.4441,OK,
BSDS500,247003,Canny,321,481,0.006008,0.002414,,0.008422,0.0000,460.0174,63.0574,OK,
BSDS500,247003,Sobel,321,481,0.006008,0.002019,,0.008027,0.0000,966.8795,118.2899,OK,
BSDS500,247003,LoG,321,481,0.006008,0.001135,,0.007143,0.0000,44.0000,4.2923,OK,
BSDS500,247003,ED,321,481,0.006008,0.003921,,0.009929,0.0000,255.0000,46.3522,OK,
BSDS500,247003,PC,321,481,0.006008,0.325510,,0.331518,0.0000,0.6028,0.0353,OK,
BSDS500,247012,GWi,321,481,0.006437,0.011192,,0.017629,0.0000,4.2824,0.5626,OK,
BSDS500,247012,GWi_odps,321,481,0.006437,0.020549,0.005890,0.032876,0.0000,4.2824,0.2719,OK,
BSDS500,247012,GWC,321,481,0.006437,0.024273,,0.030710,0.0052,4.9295,1.4306,OK,
BSDS500,247012,Canny,321,481,0.006437,0.002380,,0.008818,0.0000,463.0529,59.8215,OK,
BSDS500,247012,Sobel,321,481,0.006437,0.001989,,0.008427,0.0000,929.2847,120.6712,OK,
BSDS500,247012,LoG,321,481,0.006437,0.001180,,0.007617,0.0000,40.0000,4.2090,OK,
BSDS500,247012,ED,321,481,0.006437,0.004348,,0.010786,0.0000,255.0000,52.6958,OK,
BSDS500,247012,PC,321,481,0.006437,0.319925,,0.326363,0.0000,0.5388,0.0256,OK,
BSDS500,249021,GWi,481,321,0.005807,0.011368,,0.017175,0.0032,4.3860,0.4349,OK,
BSDS500,249021,GWi_odps,481,321,0.005807,0.019184,0.005859,0.030850,0.0000,4.3860,0.2229,OK,
BSDS500,249021,GWC,481,321,0.005807,0.024551,,0.030358,0.0106,5.5683,1.3340,OK,
BSDS500,249021,Canny,481,321,0.005807,0.002486,,0.008293,0.0000,438.0708,44.8941,OK,
BSDS500,249021,Sobel,481,321,0.005807,0.002092,,0.007899,0.0000,1002.2415,89.7757,OK,
BSDS500,249021,LoG,481,321,0.005807,0.001144,,0.006951,0.0000,49.0000,3.4596,OK,
BSDS500,249021,ED,481,321,0.005807,0.003965,,0.009772,0.0000,255.0000,50.1293,OK,
BSDS500,249021,PC,481,321,0.005807,0.321722,,0.327529,0.0000,0.6123,0.0274,OK,
BSDS500,250047,GWi,481,321,0.006068,0.011271,,0.017339,0.0000,4.6907,0.6572,OK,
BSDS500,250047,GWi_odps,481,321,0.006068,0.018630,0.006106,0.030804,0.0000,4.6907,0.3609,OK,
BSDS500,250047,GWC,481,321,0.006068,0.023792,,0.029860,0.0151,5.7661,1.5648,OK,
BSDS500,250047,Canny,481,321,0.006068,0.002393,,0.008461,0.0000,456.5545,81.9381,OK,
BSDS500,250047,Sobel,481,321,0.006068,0.002101,,0.008169,0.0000,1047.9360,133.2124,OK,
BSDS500,250047,LoG,481,321,0.006068,0.001249,,0.007318,0.0000,43.0000,5.8423,OK,
BSDS500,250047,ED,481,321,0.006068,0.003420,,0.009488,0.0000,255.0000,42.0648,OK,
BSDS500,250047,PC,481,321,0.006068,0.321261,,0.327330,0.0000,0.6323,0.0425,OK,
BSDS500,250087,GWi,481,321,0.005951,0.011460,,0.017411,0.0000,4.3936,0.2777,OK,
BSDS500,250087,GWi_odps,481,321,0.005951,0.018713,0.005863,0.030527,0.0000,4.3936,0.1477,OK,
BSDS500,250087,GWC,481,321,0.005951,0.023561,,0.029512,0.0124,4.9642,1.2184,OK,
BSDS500,250087,Canny,481,321,0.005951,0.002311,,0.008261,0.0000,466.6497,35.5578,OK,
BSDS500,250087,Sobel,481,321,0.005951,0.002054,,0.008004,0.0000,1012.0494,55.7553,OK,
BSDS500,250087,LoG,481,321,0.005951,0.001141,,0.007092,0.0000,50.0000,2.5710,OK,
BSDS500,250087,ED,481,321,0.005951,0.002907,,0.008858,0.0000,255.0000,33.0903,OK,
BSDS500,250087,PC,481,321,0.005951,0.319298,,0.325248,0.0000,0.7358,0.0376,OK,
BSDS500,253016,GWi,321,481,0.006005,0.010933,,0.016938,0.0000,4.3720,0.5816,OK,
BSDS500,253016,GWi_odps,321,481,0.006005,0.021206,0.006314,0.033525,0.0000,4.3720,0.2964,OK,
BSDS500,253016,GWC,321,481,0.006005,0.024917,,0.030922,0.0000,5.4598,1.4870,OK,
BSDS500,253016,Canny,321,481,0.006005,0.002470,,0.008475,0.0000,472.0381,68.5478,OK,
BSDS500,253016,Sobel,321,481,0.006005,0.002022,,0.008027,0.0000,1011.6224,121.8742,OK,
BSDS500,253016,LoG,321,481,0.006005,0.001154,,0.007159,0.0000,52.0000,4.6777,OK,
BSDS500,253016,ED,321,481,0.006005,0.004463,,0.010468,0.0000,255.0000,53.1136,OK,
BSDS500,253016,PC,321,481,0.006005,0.320913,,0.326918,0.0000,0.5158,0.0295,OK,
BSDS500,253092,GWi,481,321,0.005986,0.011021,,0.017007,0.0000,4.2903,0.3915,OK,
BSDS500,253092,GWi_odps,481,321,0.005986,0.018903,0.005792,0.030681,0.0000,4.2903,0.1886,OK,
BSDS500,253092,GWC,481,321,0.005986,0.024268,,0.030254,0.0000,4.5619,1.2784,OK,
BSDS500,253092,Canny,481,321,0.005986,0.002331,,0.008317,0.0000,410.1439,59.5983,OK,
BSDS500,253092,Sobel,481,321,0.005986,0.001999,,0.007985,0.0000,878.9960,81.6837,OK,
BSDS500,253092,LoG,481,321,0.005986,0.001184,,0.007170,0.0000,34.0000,3.3105,OK,
BSDS500,253092,ED,481,321,0.005986,0.003356,,0.009342,0.0000,255.0000,38.5074,OK,
BSDS500,253092,PC,481,321,0.005986,0.320330,,0.326316,0.0000,0.6010,0.0445,OK,
BSDS500,257098,GWi,481,321,0.006121,0.010903,,0.017024,0.0000,4.1010,0.2984,OK,
BSDS500,257098,GWi_odps,481,321,0.006121,0.019398,0.005794,0.031313,0.0000,4.1010,0.1528,OK,
BSDS500,257098,GWC,481,321,0.006121,0.024119,,0.030240,0.0000,5.2431,1.2465,OK,
BSDS500,257098,Canny,481,321,0.006121,0.002327,,0.008449,0.0000,369.8919,29.7611,OK,
BSDS500,257098,Sobel,481,321,0.006121,0.002092,,0.008213,0.0000,908.6528,61.2966,OK,
BSDS500,257098,LoG,481,321,0.006121,0.001170,,0.007292,0.0000,37.0000,2.5135,OK,
BSDS500,257098,ED,481,321,0.006121,0.003411,,0.009533,0.0000,255.0000,38.5850,OK,
BSDS500,257098,PC,481,321,0.006121,0.323610,,0.329731,0.0000,0.6164,0.0311,OK,
BSDS500,258089,GWi,321,481,0.006065,0.011394,,0.017458,0.0000,4.2091,0.5191,OK,
BSDS500,258089,GWi_odps,321,481,0.006065,0.019291,0.008798,0.034153,0.0000,4.2091,0.2609,OK,
BSDS500,258089,GWC,321,481,0.006065,0.024781,,0.030846,0.0058,4.6559,1.4043,OK,
BSDS500,258089,Canny,321,481,0.006065,0.002464,,0.008528,0.0000,393.9137,63.9140,OK,
BSDS500,258089,Sobel,321,481,0.006065,0.002042,,0.008106,0.0000,874.2082,109.1118,OK,
BSDS500,258089,LoG,321,481,0.006065,0.001220,,0.007285,0.0000,40.0000,4.5723,OK,
BSDS500,258089,ED,321,481,0.006065,0.004147,,0.010212,0.0000,255.0000,47.3382,OK,
BSDS500,258089,PC,321,481,0.006065,0.322963,,0.329028,0.0000,0.5158,0.0332,OK,
BSDS500,259060,GWi,481,321,0.006137,0.011128,,0.017265,0.0031,4.3352,0.5988,OK,
BSDS500,259060,GWi_odps,481,321,0.006137,0.020062,0.005909,0.032109,0.0000,4.3352,0.2876,OK,
BSDS500,259060,GWC,481,321,0.006137,0.025938,,0.032075,0.0083,5.3382,1.5024,OK,
BSDS500,259060,Canny,481,321,0.006137,0.002609,,0.008747,0.0000,430.6948,56.0023,OK,
BSDS500,259060,Sobel,481,321,0.006137,0.002035,,0.008172,0.0000,987.8026,129.3543,OK,
BSDS500,259060,LoG,481,321,0.006137,0.001286,,0.007423,0.0000,43.0000,4.4620,OK,
BSDS500,259060,ED,481,321,0.006137,0.004696,,0.010833,0.0000,255.0000,55.9741,OK,
BSDS500,259060,PC,481,321,0.006137,0.327124,,0.333261,0.0000,0.5118,0.0205,OK,
BSDS500,267036,GWi,481,321,0.006134,0.011223,,0.017357,0.0000,4.3682,0.4675,OK,
BSDS500,267036,GWi_odps,481,321,0.006134,0.020255,0.006146,0.032536,0.0000,4.3682,0.2180,OK,
BSDS500,267036,GWC,481,321,0.006134,0.023521,,0.029655,0.0250,5.2446,1.4003,OK,
BSDS500,267036,Canny,481,321,0.006134,0.002350,,0.008485,0.0000,396.3433,41.0487,OK,
BSDS500,267036,Sobel,481,321,0.006134,0.002037,,0.008171,0.0000,1011.5385,101.0727,OK,
BSDS500,267036,LoG,481,321,0.006134,0.001140,,0.007275,0.0000,43.0000,3.4789,OK,
BSDS500,267036,ED,481,321,0.006134,0.004040,,0.010174,0.0000,255.0000,42.5157,OK,
BSDS500,267036,PC,481,321,0.006134,0.324252,,0.330386,0.0000,0.5790,0.0246,OK,
BSDS500,268048,GWi,321,481,0.006155,0.010947,,0.017101,0.0000,4.2133,0.5453,OK,
BSDS500,268048,GWi_odps,321,481,0.006155,0.019073,0.005893,0.031121,0.0000,4.2133,0.2666,OK,
BSDS500,268048,GWC,321,481,0.006155,0.024220,,0.030375,0.0099,5.0310,1.4337,OK,
BSDS500,268048,Canny,321,481,0.006155,0.002384,,0.008539,0.0000,442.1629,63.3420,OK,
BSDS500,268048,Sobel,321,481,0.006155,0.002168,,0.008322,0.0000,928.6560,114.6615,OK,
BSDS500,268048,LoG,321,481,0.006155,0.001157,,0.007312,0.0000,46.0000,4.5048,OK,
BSDS500,268048,ED,321,481,0.006155,0.004307,,0.010462,0.0000,255.0000,51.4704,OK,
BSDS500,268048,PC,321,481,0.006155,0.333133,,0.339288,0.0000,0.5644,0.0328,OK,
BSDS500,268074,GWi,481,321,0.006328,0.010960,,0.017288,0.0000,5.3732,1.1151,OK,
BSDS500,268074,GWi_odps,481,321,0.006328,0.019618,0.006053,0.031999,0.0000,5.3732,0.5402,OK,
BSDS500,268074,GWC,481,321,0.006328,0.024031,,0.030359,0.0803,6.9879,2.0404,OK,
BSDS500,268074,Canny,481,321,0.006328,0.002352,,0.008680,0.0000,492.1179,111.6987,OK,
BSDS500,268074,Sobel,481,321,0.006328,0.002056,,0.008384,0.0000,1118.6787,237.1367,OK,
BSDS500,268074,LoG,481,321,0.006328,0.001138,,0.007466,0.0000,53.0000,9.1588,OK,
BSDS500,268074,ED,481,321,0.006328,0.004466,,0.010794,0.0000,255.0000,58.7058,OK,
BSDS500,268074,PC,481,321,0.006328,0.324675,,0.331003,0.0000,0.4681,0.0175,OK,
BSDS500,277053,GWi,321,481,0.006160,0.010992,,0.017152,0.0000,4.9494,0.7374,OK,
BSDS500,277053,GWi_odps,321,481,0.006160,0.019856,0.005804,0.031819,0.0000,4.9494,0.3592,OK,
BSDS500,277053,GWC,321,481,0.006160,0.024152,,0.030312,0.0035,6.2101,1.6294,OK,
BSDS500,277053,Canny,321,481,0.006160,0.002356,,0.008516,0.0000,476.8920,72.7077,OK,
BSDS500,277053,Sobel,321,481,0.006160,0.002033,,0.008193,0.0000,1069.1622,158.3963,OK,
BSDS500,277053,LoG,321,481,0.006160,0.001431,,0.007590,0.0000,46.0000,5.7645,OK,
BSDS500,277053,ED,321,481,0.006160,0.005150,,0.011310,0.0000,255.0000,59.8404,OK,
BSDS500,277053,PC,321,481,0.006160,0.323611,,0.329771,0.0000,0.4546,0.0159,OK,
BSDS500,279005,GWi,481,321,0.005990,0.011997,,0.017988,0.0000,4.1356,0.3683,OK,
BSDS500,279005,GWi_odps,481,321,0.005990,0.021944,0.006736,0.034670,0.0000,4.1356,0.1791,OK,
BSDS500,279005,GWC,481,321,0.005990,0.024530,,0.030520,0.0000,4.5380,1.2849,OK,
BSDS500,279005,Canny,481,321,0.005990,0.002480,,0.008470,0.0000,346.5977,37.1925,OK,
BSDS500,279005,Sobel,481,321,0.005990,0.002043,,0.008033,0.0000,890.4471,76.1349,OK,
BSDS500,279005,LoG,481,321,0.005990,0.001170,,0.007160,0.0000,33.0000,2.8218,OK,
BSDS500,279005,ED,481,321,0.005990,0.003591,,0.009581,0.0000,255.0000,38.6379,OK,
BSDS500,279005,PC,481,321,0.005990,0.323163,,0.329153,0.0000,0.6665,0.0305,OK,
BSDS500,28083,GWi,321,481,0.005952,0.010954,,0.016906,0.0000,4.2623,0.4939,OK,
BSDS500,28083,GWi_odps,321,481,0.005952,0.020123,0.005924,0.031999,0.0000,4.2623,0.2389,OK,
BSDS500,28083,GWC,321,481,0.005952,0.024084,,0.030036,0.0166,4.5350,1.4149,OK,
BSDS500,28083,Canny,321,481,0.005952,0.002478,,0.008430,0.0000,387.6596,44.9569,OK,
BSDS500,28083,Sobel,321,481,0.005952,0.002024,,0.007976,0.0000,965.9917,104.1275,OK,
BSDS500,28083,LoG,321,481,0.005952,0.001168,,0.007120,0.0000,42.0000,3.6628,OK,
BSDS500,28083,ED,321,481,0.005952,0.004239,,0.010192,0.0000,255.0000,49.8238,OK,
BSDS500,28083,PC,321,481,0.005952,0.326710,,0.332662,0.0000,0.5397,0.0203,OK,
BSDS500,281017,GWi,481,321,0.005962,0.010924,,0.016886,0.0029,4.7589,0.4488,OK,
BSDS500,281017,GWi_odps,481,321,0.005962,0.019591,0.005846,0.031399,0.0000,4.7589,0.2309,OK,
BSDS500,281017,GWC,481,321,0.005962,0.023863,,0.029825,0.0032,6.6629,1.3662,OK,
BSDS500,281017,Canny,481,321,0.005962,0.002267,,0.008229,0.0000,463.3206,52.9078,OK,
BSDS500,281017,Sobel,481,321,0.005962,0.002039,,0.008001,0.0000,1065.2869,94.3519,OK,
BSDS500,281017,LoG,481,321,0.005962,0.001142,,0.007104,0.0000,57.0000,3.9169,OK,
BSDS500,281017,ED,481,321,0.005962,0.004255,,0.010217,0.0000,255.0000,53.2590,OK,
BSDS500,281017,PC,481,321,0.005962,0.320530,,0.326492,0.0000,0.5976,0.0326,OK,
BSDS500,285022,GWi,321,481,0.005839,0.011117,,0.016956,0.0000,4.2661,0.4051,OK,
BSDS500,285022,GWi_odps,321,481,0.005839,0.019719,0.006130,0.031688,0.0000,4.2661,0.1958,OK,
BSDS500,285022,GWC,321,481,0.005839,0.024203,,0.030042,0.0083,4.5301,1.2733,OK,
BSDS500,285022,Canny,321,481,0.005839,0.002395,,0.008234,0.0000,330.2756,40.2769,OK,
BSDS500,285022,Sobel,321,481,0.005839,0.001974,,0.007812,0.0000,897.6826,86.7943,OK,
BSDS500,285022,LoG,321,481,0.005839,0.001153,,0.006992,0.0000,36.0000,3.0848,OK,
BSDS500,285022,ED,321,481,0.005839,0.004500,,0.010339,0.0000,255.0000,53.9394,OK,
BSDS500,285022,PC,321,481,0.005839,0.324166,,0.330005,0.0000,0.4888,0.0196,OK,
BSDS500,288024,GWi,321,481,0.006085,0.010808,,0.016894,0.0000,3.7002,0.4318,OK,
BSDS500,288024,GWi_odps,321,481,0.006085,0.021571,0.006032,0.033688,0.0000,3.7002,0.2150,OK,
BSDS500,288024,GWC,321,481,0.006085,0.024265,,0.030350,0.0000,5.3355,1.3510,OK,
BSDS500,288024,Canny,321,481,0.006085,0.002387,,0.008472,0.0000,369.8026,47.4743,OK,
BSDS500,288024,Sobel,321,481,0.006085,0.002031,,0.008117,0.0000,846.9451,93.3037,OK,
BSDS500,288024,LoG,321,481,0.006085,0.001160,,0.007245,0.0000,45.0000,3.6804,OK,
BSDS500,288024,ED,321,481,0.006085,0.003615,,0.009700,0.0000,255.0000,38.0747,OK,
BSDS500,288024,PC,321,481,0.006085,0.323058,,0.329143,0.0000,0.6704,0.0406,OK,
BSDS500,289011,GWi,481,321,0.006015,0.010883,,0.016899,0.0000,4.4896,0.6050,OK,
BSDS500,289011,GWi_odps,481,321,0.006015,0.019332,0.008644,0.033991,0.0000,4.4896,0.2858,OK,
BSDS500,289011,GWC,481,321,0.006015,0.023855,,0.029870,0.0050,5.7441,1.5005,OK,
BSDS500,289011,Canny,481,321,0.006015,0.002363,,0.008379,0.0000,479.0094,67.8341,OK,
BSDS500,289011,Sobel,481,321,0.006015,0.001977,,0.007992,0.0000,1062.7455,131.6095,OK,
BSDS500,289011,LoG,481,321,0.006015,0.001165,,0.007181,0.0000,52.0000,4.9044,OK,
BSDS500,289011,ED,481,321,0.006015,0.004155,,0.010170,0.0000,255.0000,51.3184,OK,
BSDS500,289011,PC,481,321,0.006015,0.319314,,0.325329,0.0000,0.5551,0.0264,OK,
BSDS500,290035,GWi,321,481,0.006147,0.010946,,0.017093,0.0041,4.5985,0.6864,OK,
BSDS500,290035,GWi_odps,321,481,0.006147,0.019767,0.005776,0.031690,0.0000,4.5985,0.3394,OK,
BSDS500,290035,GWC,321,481,0.006147,0.024302,,0.030450,0.0179,5.3778,1.5649,OK,
BSDS500,290035,Canny,321,481,0.006147,0.002442,,0.008589,0.0000,464.6569,74.1777,OK,
BSDS500,290035,Sobel,321,481,0.006147,0.002193,,0.008340,0.0000,1077.2864,146.7847,OK,
BSDS500,290035,LoG,321,481,0.006147,0.001256,,0.007404,0.0000,57.0000,5.6401,OK,
BSDS500,290035,ED,321,481,0.006147,0.004579,,0.010726,0.0000,255.0000,56.4465,OK,
BSDS500,290035,PC,321,481,0.006147,0.320616,,0.326763,0.0000,0.5314,0.0251,OK,
BSDS500,29030,GWi,321,481,0.006095,0.010964,,0.017059,0.0000,4.6269,0.4308,OK,
BSDS500,29030,GWi_odps,321,481,0.006095,0.019876,0.005760,0.031731,0.0000,4.6269,0.2170,OK,
BSDS500,29030,GWC,321,481,0.006095,0.023737,,0.029833,0.0083,5.6912,1.3463,OK,
BSDS500,29030,Canny,321,481,0.006095,0.002376,,0.008471,0.0000,421.3360,39.8131,OK,
BSDS500,29030,Sobel,321,481,0.006095,0.002008,,0.008103,0.0000,1030.4417,87.0560,OK,
BSDS500,29030,LoG,321,481,0.006095,0.001160,,0.007255,0.0000,45.0000,3.2069,OK,
BSDS500,29030,ED,321,481,0.006095,0.004186,,0.010281,0.0000,255.0000,48.7783,OK,
BSDS500,29030,PC,321,481,0.006095,0.322165,,0.328260,0.0000,0.6542,0.0260,OK,
BSDS500,296028,GWi,321,481,0.006714,0.010882,,0.017596,0.0000,4.4377,0.3942,OK,
BSDS500,296028,GWi_odps,321,481,0.006714,0.019923,0.005782,0.032419,0.0000,4.4377,0.1999,OK,
BSDS500,296028,GWC,321,481,0.006714,0.023575,,0.030289,0.0000,5.8037,1.3320,OK,
BSDS500,296028,Canny,321,481,0.006714,0.002347,,0.009061,0.0000,448.2187,39.2174,OK,
BSDS500,296028,Sobel,321,481,0.006714,0.001986,,0.008700,0.0000,1031.5474,82.2385,OK,
BSDS500,296028,LoG,321,481,0.006714,0.001209,,0.007923,0.0000,55.0000,3.1436,OK,
BSDS500,296028,ED,321,481,0.006714,0.003788,,0.010502,0.0000,255.0000,41.0012,OK,
BSDS500,296028,PC,321,481,0.006714,0.321358,,0.328072,0.0000,0.6030,0.0274,OK,
BSDS500,296058,GWi,321,481,0.006248,0.011260,,0.017508,0.0000,4.4984,1.0069,OK,
BSDS500,296058,GWi_odps,321,481,0.006248,0.018976,0.006065,0.031288,0.0000,4.4984,0.4574,OK,
BSDS500,296058,GWC,321,481,0.006248,0.023827,,0.030075,0.0083,6.0530,1.8847,OK,
BSDS500,296058,Canny,321,481,0.006248,0.002329,,0.008577,0.0000,354.2033,70.9131,OK,
BSDS500,296058,Sobel,321,481,0.006248,0.002035,,0.008283,0.0000,1001.5688,216.8947,OK,
BSDS500,296058,LoG,321,481,0.006248,0.001156,,0.007404,0.0000,50.0000,6.4073,OK,
BSDS500,296058,ED,321,481,0.006248,0.004954,,0.011202,0.0000,255.0000,65.1005,OK,
BSDS500,296058,PC,321,481,0.006248,0.320642,,0.326890,0.0000,0.3888,0.0114,OK,
BSDS500,302022,GWi,481,321,0.006157,0.010938,,0.017095,0.0000,4.0945,0.4452,OK,
BSDS500,302022,GWi_odps,481,321,0.006157,0.019279,0.007450,0.032885,0.0000,4.0945,0.2109,OK,
BSDS500,302022,GWC,481,321,0.006157,0.023966,,0.030123,0.0000,5.2928,1.3525,OK,
BSDS500,302022,Canny,481,321,0.006157,0.002361,,0.008518,0.0000,409.9610,51.7403,OK,
BSDS500,302022,Sobel,481,321,0.006157,0.002022,,0.008179,0.0000,929.6128,96.6023,OK,
BSDS500,302022,LoG,481,321,0.006157,0.001142,,0.007299,0.0000,45.0000,3.7756,OK,
BSDS500,302022,ED,481,321,0.006157,0.003423,,0.009580,0.0000,255.0000,36.0697,OK,
BSDS500,302022,PC,481,321,0.006157,0.328291,,0.334448,0.0000,0.6408,0.0435,OK,
BSDS500,306051,GWi,481,321,0.006370,0.010979,,0.017348,0.0000,4.1756,0.3992,OK,
BSDS500,306051,GWi_odps,481,321,0.006370,0.019572,0.005902,0.031843,0.0000,4.1756,0.1936,OK,
BSDS500,306051,GWC,481,321,0.006370,0.023838,,0.030207,0.0102,4.9365,1.3062,OK,
BSDS500,306051,Canny,481,321,0.006370,0.002270,,0.008640,0.0000,348.0057,44.8645,OK,
BSDS500,306051,Sobel,481,321,0.006370,0.002137,,0.008506,0.0000,833.9808,83.5185,OK,
BSDS500,306051,LoG,481,321,0.006370,0.001276,,0.007646,0.0000,49.0000,3.2986,OK,
BSDS500,306051,ED,481,321,0.006370,0.004660,,0.011030,0.0000,255.0000,46.6611,OK,
BSDS500,306051,PC,481,321,0.006370,0.321288,,0.327657,0.0000,0.6216,0.0264,OK,
BSDS500,306052,GWi,321,481,0.005963,0.010981,,0.016944,0.0000,4.2563,0.3727,OK,
BSDS500,306052,GWi_odps,321,481,0.005963,0.019854,0.005856,0.031673,0.0000,4.2563,0.1807,OK,
BSDS500,306052,GWC,321,481,0.005963,0.024185,,0.030148,0.0000,4.5793,1.2788,OK,
BSDS500,306052,Canny,321,481,0.005963,0.002219,,0.008182,0.0000,319.1019,39.1338,OK,
BSDS500,306052,Sobel,321,481,0.005963,0.002114,,0.008077,0.0000,709.2940,78.0009,OK,
BSDS500,306052,LoG,321,481,0.005963,0.001324,,0.007287,0.0000,41.0000,2.9071,OK,
BSDS500,306052,ED,321,481,0.005963,0.005007,,0.010970,0.0000,255.0000,55.8271,OK,
BSDS500,306052,PC,321,481,0.005963,0.317804,,0.323767,0.0000,0.5458,0.0178,OK,
BSDS500,3063,GWi,321,481,0.006055,0.010796,,0.016851,0.0000,4.7295,0.2555,OK,
BSDS500,3063,GWi_odps,321,481,0.006055,0.018472,0.005699,0.030226,0.0000,4.7295,0.1345,OK,
BSDS500,3063,GWC,321,481,0.006055,0.025469,,0.031523,0.0063,5.1582,1.1873,OK,
BSDS500,3063,Canny,321,481,0.006055,0.002452,,0.008507,0.0000,507.8976,36.2796,OK,
BSDS500,3063,Sobel,321,481,0.006055,0.002214,,0.008269,0.0000,1086.5155,49.1637,OK,
BSDS500,3063,LoG,321,481,0.006055,0.001421,,0.007475,0.0000,55.0000,2.2355,OK,
BSDS500,3063,ED,321,481,0.006055,0.003169,,0.009224,0.0000,255.0000,30.8195,OK,
BSDS500,3063,PC,321,481,0.006055,0.323592,,0.329647,0.0000,0.7058,0.0336,OK,
BSDS500,309040,GWi,321,481,0.006522,0.011994,,0.018516,0.0000,4.3016,0.4928,OK,
BSDS500,309040,GWi_odps,321,481,0.006522,0.019560,0.007787,0.033869,0.0000,4.3016,0.2563,OK,
BSDS500,309040,GWC,321,481,0.006522,0.025379,,0.031901,0.0075,4.6561,1.4085,OK,
BSDS500,309040,Canny,321,481,0.006522,0.002170,,0.008692,0.0000,435.1092,56.0985,OK,
BSDS500,309040,Sobel,321,481,0.006522,0.002172,,0.008694,0.0000,984.4389,100.2551,OK,
BSDS500,309040,LoG,321,481,0.006522,0.001322,,0.007844,0.0000,49.0000,4.0158,OK,
BSDS500,309040,ED,321,481,0.006522,0.004705,,0.011227,0.0000,255.0000,49.8634,OK,
BSDS500,309040,PC,321,481,0.006522,0.317424,,0.323946,0.0000,0.5922,0.0307,OK,
BSDS500,317043,GWi,321,481,0.006022,0.011114,,0.017137,0.0000,5.1638,0.9889,OK,
BSDS500,317043,GWi_odps,321,481,0.006022,0.020377,0.005694,0.032093,0.0000,5.1638,0.4586,OK,
BSDS500,317043,GWC,321,481,0.006022,0.023450,,0.029472,0.0172,6.0089,1.8424,OK,
BSDS500,317043,Canny,321,481,0.006022,0.002180,,0.008203,0.0000,497.9900,98.6586,OK,
BSDS500,317043,Sobel,321,481,0.006022,0.002215,,0.008238,0.0000,1090.3220,221.1338,OK,
BSDS500,317043,LoG,321,481,0.006022,0.001309,,0.007332,0.0000,52.0000,7.7021,OK,
BSDS500,317043,ED,321,481,0.006022,0.005631,,0.011654,0.0000,255.0000,63.8470,OK,
BSDS500,317043,PC,321,481,0.006022,0.321459,,0.327482,0.0000,0.3274,0.0098,OK,
BSDS500,326025,GWi,321,481,0.005727,0.011200,,0.016927,0.0000,4.4036,0.4909,OK,
BSDS500,326025,GWi_odps,321,481,0.005727,0.020239,0.005988,0.031954,0.0000,4.4036,0.2376,OK,
BSDS500,326025,GWC,321,481,0.005727,0.024760,,0.030487,0.0250,5.0817,1.3638,OK,
BSDS500,326025,Canny,321,481,0.005727,0.002302,,0.008029,0.0000,450.5641,65.0361,OK,
BSDS500,326025,Sobel,321,481,0.005727,0.002174,,0.007901,0.0000,979.1149,105.8629,OK,
BSDS500,326025,LoG,321,481,0.005727,0.001456,,0.007183,0.0000,49.0000,4.3171,OK,
BSDS500,326025,ED,321,481,0.005727,0.004720,,0.010447,0.0000,255.0000,51.6834,OK,
BSDS500,326025,PC,321,481,0.005727,0.325763,,0.331490,0.0000,0.5552,0.0324,OK,
BSDS500,326085,GWi,481,321,0.005831,0.010926,,0.016757,0.0000,4.3095,0.5118,OK,
BSDS500,326085,GWi_odps,481,321,0.005831,0.018922,0.006073,0.030826,0.0000,4.3095,0.2496,OK,
BSDS500,326085,GWC,481,321,0.005831,0.025018,,0.030849,0.0000,4.5838,1.4056,OK,
BSDS500,326085,Canny,481,321,0.005831,0.002269,,0.008099,0.0000,386.4195,61.3084,OK,
BSDS500,326085,Sobel,481,321,0.005831,0.002178,,0.008008,0.0000,936.2745,110.2673,OK,
BSDS500,326085,LoG,481,321,0.005831,0.001442,,0.007273,0.0000,55.0000,4.4190,OK,
BSDS500,326085,ED,481,321,0.005831,0.004632,,0.010463,0.0000,255.0000,47.6107,OK,
BSDS500,326085,PC,481,321,0.005831,0.327577,,0.333407,0.0000,0.4890,0.0268,OK,
BSDS500,33044,GWi,481,321,0.005917,0.011313,,0.017230,0.0000,4.1743,0.6812,OK,
BSDS500,33044,GWi_odps,481,321,0.005917,0.019704,0.005897,0.031518,0.0000,4.1743,0.3261,OK,
BSDS500,33044,GWC,481,321,0.005917,0.024044,,0.029962,0.0214,5.0957,1.5941,OK,
BSDS500,33044,Canny,481,321,0.005917,0.002290,,0.008207,0.0000,398.0377,62.2746,OK,
BSDS500,33044,Sobel,481,321,0.005917,0.002248,,0.008166,0.0000,960.9204,149.3212,OK,
BSDS500,33044,LoG,481,321,0.005917,0.001377,,0.007294,0.0000,40.0000,5.0020,OK,
BSDS500,33044,ED,481,321,0.005917,0.005102,,0.011019,0.0000,255.0000,57.9031,OK,
BSDS500,33044,PC,481,321,0.005917,0.324409,,0.330327,0.0000,0.4694,0.0161,OK,
BSDS500,334025,GWi,481,321,0.006013,0.011008,,0.017022,0.0000,3.6916,0.4688,OK,
BSDS500,334025,GWi_odps,481,321,0.006013,0.019800,0.005847,0.031661,0.0000,3.6916,0.2288,OK,
BSDS500,334025,GWC,481,321,0.006013,0.024021,,0.030034,0.0302,4.8125,1.4017,OK,
BSDS500,334025,Canny,481,321,0.006013,0.002174,,0.008188,0.0000,406.4702,47.9134,OK,
BSDS500,334025,Sobel,481,321,0.006013,0.002303,,0.008316,0.0000,843.1334,101.1230,OK,
BSDS500,334025,LoG,481,321,0.006013,0.001425,,0.007439,0.0000,38.0000,3.6893,OK,
BSDS500,334025,ED,481,321,0.006013,0.003637,,0.009650,0.0000,255.0000,34.8938,OK,
BSDS500,334025,PC,481,321,0.006013,0.320504,,0.326517,0.0000,0.6467,0.0407,OK,
BSDS500,335088,GWi,321,481,0.006468,0.011586,,0.018054,0.0025,4.6246,0.6909,OK,
BSDS500,335088,GWi_odps,321,481,0.006468,0.020053,0.006183,0.032704,0.0000,4.6246,0.3461,OK,
BSDS500,335088,GWC,321,481,0.006468,0.024834,,0.031302,0.0069,5.5746,1.5497,OK,
BSDS500,335088,Canny,321,481,0.006468,0.002283,,0.008751,0.0000,489.0092,85.6443,OK,
BSDS500,335088,Sobel,321,481,0.006468,0.002234,,0.008702,0.0000,1071.3328,149.8387,OK,
BSDS500,335088,LoG,321,481,0.006468,0.001432,,0.007900,0.0000,53.0000,5.9305,OK,
BSDS500,335088,ED,321,481,0.006468,0.004566,,0.011033,0.0000,255.0000,54.8147,OK,
BSDS500,335088,PC,321,481,0.006468,0.322703,,0.329170,0.0000,0.4942,0.0309,OK,
BSDS500,335094,GWi,321,481,0.006003,0.011059,,0.017062,0.0000,4.0593,0.5770,OK,
BSDS500,335094,GWi_odps,321,481,0.006003,0.018649,0.005838,0.030490,0.0000,4.0593,0.2762,OK,
BSDS500,335094,GWC,321,481,0.006003,0.023555,,0.029558,0.0367,4.4552,1.5552,OK,
BSDS500,335094,Canny,321,481,0.006003,0.002186,,0.008189,0.0000,367.9157,56.0688,OK,
BSDS500,335094,Sobel,321,481,0.006003,0.002245,,0.008249,0.0000,778.0617,124.4917,OK,
BSDS500,335094,LoG,321,481,0.006003,0.001381,,0.007384,0.0000,38.0000,4.5225,OK,
BSDS500,335094,ED,321,481,0.006003,0.004615,,0.010618,0.0000,255.0000,53.7115,OK,
BSDS500,335094,PC,321,481,0.006003,0.318195,,0.324199,0.0000,0.5237,0.0234,OK,
BSDS500,344010,GWi,321,481,0.006776,0.011004,,0.017780,0.0000,4.5829,0.4806,OK,
BSDS500,344010,GWi_odps,321,481,0.006776,0.019477,0.005854,0.032108,0.0000,4.5829,0.2240,OK,
BSDS500,344010,GWC,321,481,0.006776,0.023457,,0.030234,0.0197,6.3466,1.4065,OK,
BSDS500,344010,Canny,321,481,0.006776,0.002480,,0.009256,0.0000,452.3450,43.4169,OK,
BSDS500,344010,Sobel,321,481,0.006776,0.002154,,0.008930,0.0000,963.3649,106.5669,OK,
BSDS500,344010,LoG,321,481,0.006776,0.001292,,0.008069,0.0000,44.0000,3.5064,OK,
BSDS500,344010,ED,321,481,0.006776,0.005182,,0.011958,0.0000,255.0000,57.0476,OK,
BSDS500,344010,PC,321,481,0.006776,0.320141,,0.326918,0.0000,0.5740,0.0194,OK,
BSDS500,346016,GWi,321,481,0.006153,0.011039,,0.017192,0.0000,4.4363,0.9782,OK,
BSDS500,346016,GWi_odps,321,481,0.006153,0.020120,0.005664,0.031936,0.0000,4.4363,0.4397,OK,
BSDS500,346016,GWC,321,481,0.006153,0.023785,,0.029938,0.0283,5.2868,1.8379,OK,
BSDS500,346016,Canny,321,481,0.006153,0.002202,,0.008355,0.0000,469.8021,72.3870,OK,
BSDS500,346016,Sobel,321,481,0.006153,0.002119,,0.008272,0.0000,1026.1705,220.8808,OK,
BSDS500,346016,LoG,321,481,0.006153,0.001341,,0.007494,0.0000,49.0000,6.2527,OK,
BSDS500,346016,ED,321,481,0.006153,0.006062,,0.012215,0.0000,255.0000,70.5094,OK,
BSDS500,346016,PC,321,481,0.006153,0.321875,,0.328028,0.0000,0.4243,0.0064,OK,
BSDS500,347031,GWi,481,321,0.005873,0.011043,,0.016917,0.0000,4.4310,0.3536,OK,
BSDS500,347031,GWi_odps,481,321,0.005873,0.018277,0.005900,0.030050,0.0000,4.4310,0.1694,OK,
BSDS500,347031,GWC,481,321,0.005873,0.023903,,0.029776,0.0116,5.0052,1.4421,OK,
BSDS500,347031,Canny,481,321,0.005873,0.002198,,0.008071,0.0000,438.6342,34.5130,OK,
BSDS500,347031,Sobel,481,321,0.005873,0.002194,,0.008067,0.0000,924.0314,72.8773,OK,
BSDS500,347031,LoG,481,321,0.005873,0.001277,,0.007150,0.0000,58.0000,2.6141,OK,
BSDS500,347031,ED,481,321,0.005873,0.003597,,0.009470,0.0000,255.0000,29.8698,OK,
BSDS500,347031,PC,481,321,0.005873,0.322615,,0.328488,0.0000,0.6373,0.0351,OK,
BSDS500,35028,GWi,321,481,0.006213,0.011388,,0.017600,0.0000,5.3292,0.5774,OK,
BSDS500,35028,GWi_odps,321,481,0.006213,0.021669,0.006502,0.034383,0.0000,5.3292,0.2883,OK,
BSDS500,35028,GWC,321,481,0.006213,0.026258,,0.032470,0.0000,6.6961,1.4810,OK,
BSDS500,35028,Canny,321,481,0.006213,0.002414,,0.008627,0.0000,496.9547,71.7078,OK,
BSDS500,35028,Sobel,321,481,0.006213,0.002160,,0.008372,0.0000,1105.4240,119.4508,OK,
BSDS500,35028,LoG,321,481,0.006213,0.001424,,0.007636,0.0000,56.0000,5.0997,OK,
BSDS500,35028,ED,321,481,0.006213,0.004345,,0.010557,0.0000,255.0000,46.5355,OK,
BSDS500,35028,PC,321,481,0.006213,0.320761,,0.326974,0.0000,0.5852,0.0401,OK,
BSDS500,35049,GWi,321,481,0.005805,0.011063,,0.016867,0.0000,4.2514,0.4094,OK,
BSDS500,35049,GWi_odps,321,481,0.005805,0.019592,0.005750,0.031147,0.0000,4.2514,0.2019,OK,
BSDS500,35049,GWC,321,481,0.005805,0.023895,,0.029699,0.0081,5.4594,1.3258,OK,
BSDS500,35049,Canny,321,481,0.005805,0.002232,,0.008036,0.0000,458.5303,48.3305,OK,
BSDS500,35049,Sobel,321,481,0.005805,0.002190,,0.007995,0.0000,1023.8213,85.5083,OK,
BSDS500,35049,LoG,321,481,0.005805,0.001451,,0.007255,0.0000,58.0000,3.6768,OK,
BSDS500,35049,ED,321,481,0.005805,0.003824,,0.009628,0.0000,255.0000,37.0375,OK,
BSDS500,35049,PC,321,481,0.005805,0.323738,,0.329543,0.0000,0.6228,0.0368,OK,
BSDS500,36046,GWi,321,481,0.006812,0.011582,,0.018395,0.0000,4.3693,0.4218,OK,
BSDS500,36046,GWi_odps,321,481,0.006812,0.020062,0.005844,0.032719,0.0000,4.3693,0.2051,OK,
BSDS500,36046,GWC,321,481,0.006812,0.023858,,0.030670,0.0109,4.7458,1.3455,OK,
BSDS500,36046,Canny,321,481,0.006812,0.002213,,0.009026,0.0000,449.3951,36.5998,OK,
BSDS500,36046,Sobel,321,481,0.006812,0.002193,,0.009005,0.0000,1051.3572,90.2715,OK,
BSDS500,36046,LoG,321,481,0.006812,0.001294,,0.008107,0.0000,56.0000,3.1258,OK,
BSDS500,36046,ED,321,481,0.006812,0.004581,,0.011394,0.0000,255.0000,49.6272,OK,
BSDS500,36046,PC,321,481,0.006812,0.321694,,0.328506,0.0000,0.6076,0.0150,OK,
BSDS500,365072,GWi,481,321,0.005951,0.011593,,0.017544,0.0000,4.5765,0.5750,OK,
BSDS500,365072,GWi_odps,481,321,0.005951,0.018645,0.005944,0.030540,0.0000,4.5765,0.2895,OK,
BSDS500,365072,GWC,481,321,0.005951,0.023841,,0.029792,0.0214,4.9778,1.4773,OK,
BSDS500,365072,Canny,481,321,0.005951,0.002320,,0.008271,0.0000,466.2360,63.4672,OK,
BSDS500,365072,Sobel,481,321,0.005951,0.002148,,0.008098,0.0000,1054.4126,123.2845,OK,
BSDS500,365072,LoG,481,321,0.005951,0.001393,,0.007344,0.0000,54.0000,4.6479,OK,
BSDS500,365072,ED,481,321,0.005951,0.004991,,0.010941,0.0000,255.0000,60.3243,OK,
BSDS500,365072,PC,481,321,0.005951,0.320267,,0.326218,0.0000,0.5970,0.0305,OK,
BSDS500,368037,GWi,321,481,0.005917,0.010772,,0.016690,0.0000,4.2215,0.3677,OK,
BSDS500,368037,GWi_odps,321,481,0.005917,0.018465,0.005665,0.030047,0.0000,4.2215,0.1881,OK,
BSDS500,368037,GWC,321,481,0.005917,0.023763,,0.029680,0.0166,4.5316,1.3114,OK,
BSDS500,368037,Canny,321,481,0.005917,0.002192,,0.008109,0.0000,438.0799,45.1468,OK,
BSDS500,368037,Sobel,321,481,0.005917,0.002104,,0.008021,0.0000,949.8126,74.1705,OK,
BSDS500,368037,LoG,321,481,0.005917,0.001397,,0.007314,0.0000,48.0000,2.9248,OK,
BSDS500,368037,ED,321,481,0.005917,0.003675,,0.009592,0.0000,255.0000,36.7006,OK,
BSDS500,368037,PC,321,481,0.005917,0.323913,,0.329830,0.0000,0.6572,0.0383,OK,
BSDS500,372019,GWi,481,321,0.005982,0.011010,,0.016992,0.0000,4.4664,0.3803,OK,
BSDS500,372019,GWi_odps,481,321,0.005982,0.019540,0.005691,0.031213,0.0000,4.4664,0.1896,OK,
BSDS500,372019,GWC,481,321,0.005982,0.024392,,0.030375,0.0000,4.7158,1.3214,OK,
BSDS500,372019,Canny,481,321,0.005982,0.002330,,0.008312,0.0000,464.4868,39.2535,OK,
BSDS500,372019,Sobel,481,321,0.005982,0.002150,,0.008133,0.0000,1032.3352,80.2214,OK,
BSDS500,372019,LoG,481,321,0.005982,0.001288,,0.007271,0.0000,47.0000,3.1163,OK,
BSDS500,372019,ED,481,321,0.005982,0.003907,,0.009890,0.0000,255.0000,36.3207,OK,
BSDS500,372019,PC,481,321,0.005982,0.320153,,0.326135,0.0000,0.7078,0.0305,OK,
BSDS500,376086,GWi,321,481,0.006501,0.011019,,0.017519,0.0000,4.4074,0.5263,OK,
BSDS500,376086,GWi_odps,321,481,0.006501,0.019163,0.005993,0.031657,0.0000,4.4074,0.2827,OK,
BSDS500,376086,GWC,321,481,0.006501,0.024493,,0.030994,0.0420,4.7709,1.4232,OK,
BSDS500,376086,Canny,321,481,0.006501,0.002333,,0.008834,0.0000,403.2791,63.9115,OK,
BSDS500,376086,Sobel,321,481,0.006501,0.002248,,0.008749,0.0000,1004.0418,108.4213,OK,
BSDS500,376086,LoG,321,481,0.006501,0.001514,,0.008015,0.0000,47.0000,4.4275,OK,
BSDS500,376086,ED,321,481,0.006501,0.004658,,0.011159,0.0000,255.0000,49.3184,OK,
BSDS500,376086,PC,321,481,0.006501,0.323658,,0.330159,0.0000,0.5557,0.0370,OK,
BSDS500,384022,GWi,321,481,0.005983,0.011147,,0.017130,0.0000,4.7316,0.6129,OK,
BSDS500,384022,GWi_odps,321,481,0.005983,0.018456,0.005805,0.030245,0.0000,4.7316,0.3145,OK,
BSDS500,384022,GWC,321,481,0.005983,0.023634,,0.029617,0.0000,5.9894,1.5289,OK,
BSDS500,384022,Canny,321,481,0.005983,0.002294,,0.008277,0.0000,506.6754,59.0864,OK,
BSDS500,384022,Sobel,321,481,0.005983,0.002150,,0.008133,0.0000,1057.2435,128.4555,OK,
BSDS500,384022,LoG,321,481,0.005983,0.001296,,0.007279,0.0000,47.0000,4.8076,OK,
BSDS500,384022,ED,321,481,0.005983,0.004226,,0.010209,0.0000,255.0000,49.6074,OK,
BSDS500,384022,PC,321,481,0.005983,0.321107,,0.327090,0.0000,0.5767,0.0252,OK,
BSDS500,384089,GWi,481,321,0.006025,0.011393,,0.017418,0.0000,4.0005,0.4241,OK,
BSDS500,384089,GWi_odps,481,321,0.006025,0.019502,0.005728,0.031255,0.0000,4.0005,0.2108,OK,
BSDS500,384089,GWC,481,321,0.006025,0.024882,,0.030907,0.0353,4.9557,1.3802,OK,
BSDS500,384089,Canny,481,321,0.006025,0.002231,,0.008256,0.0000,426.4317,40.8013,OK,
BSDS500,384089,Sobel,481,321,0.006025,0.002170,,0.008194,0.0000,1013.7653,88.7488,OK,
BSDS500,384089,LoG,481,321,0.006025,0.001366,,0.007391,0.0000,47.0000,3.3416,OK,
BSDS500,384089,ED,481,321,0.006025,0.003759,,0.009784,0.0000,255.0000,32.8624,OK,
BSDS500,384089,PC,481,321,0.006025,0.323808,,0.329832,0.0000,0.6818,0.0415,OK,
BSDS500,385022,GWi,321,481,0.006409,0.010745,,0.017154,0.0000,3.9952,0.5994,OK,
BSDS500,385022,GWi_odps,321,481,0.006409,0.019389,0.005772,0.031569,0.0000,3.9952,0.2844,OK,
BSDS500,385022,GWC,321,481,0.006409,0.024078,,0.030487,0.0331,4.3782,1.5026,OK,
BSDS500,385022,Canny,321,481,0.006409,0.002288,,0.008697,0.0000,403.1129,55.4218,OK,
BSDS500,385022,Sobel,321,481,0.006409,0.002188,,0.008597,0.0000,939.6872,130.7885,OK,
BSDS500,385022,LoG,321,481,0.006409,0.001409,,0.007819,0.0000,49.0000,4.4771,OK,
BSDS500,385022,ED,321,481,0.006409,0.005433,,0.011842,0.0000,255.0000,58.6810,OK,
BSDS500,385022,PC,321,481,0.006409,0.319259,,0.325668,0.0000,0.5147,0.0140,OK,
BSDS500,388006,GWi,481,321,0.005999,0.010946,,0.016945,0.0029,4.3063,0.3897,OK,
BSDS500,388006,GWi_odps,481,321,0.005999,0.019169,0.005820,0.030988,0.0000,4.3063,0.2015,OK,
BSDS500,388006,GWC,481,321,0.005999,0.024079,,0.030078,0.0090,4.9908,1.3096,OK,
BSDS500,388006,Canny,481,321,0.005999,0.002213,,0.008212,0.0000,476.2121,47.9782,OK,
BSDS500,388006,Sobel,481,321,0.005999,0.002143,,0.008142,0.0000,1026.9031,76.5624,OK,
BSDS500,388006,LoG,481,321,0.005999,0.001285,,0.007284,0.0000,66.0000,3.5491,OK,
BSDS500,388006,ED,481,321,0.005999,0.004010,,0.010009,0.0000,255.0000,38.2365,OK,
BSDS500,388006,PC,481,321,0.005999,0.331475,,0.337474,0.0000,0.6674,0.0304,OK,
BSDS500,388018,GWi,481,321,0.006205,0.010969,,0.017174,0.0032,4.3435,0.4105,OK,
BSDS500,388018,GWi_odps,481,321,0.006205,0.019257,0.006130,0.031591,0.0000,4.3435,0.2174,OK,
BSDS500,388018,GWC,481,321,0.006205,0.024397,,0.030602,0.0073,4.4434,1.3232,OK,
BSDS500,388018,Canny,481,321,0.006205,0.002206,,0.008411,0.0000,437.3305,54.6954,OK,
BSDS500,388018,Sobel,481,321,0.006205,0.002132,,0.008337,0.0000,991.4283,85.1696,OK,
BSDS500,388018,LoG,481,321,0.006205,0.001317,,0.007522,0.0000,37.0000,3.7750,OK,
BSDS500,388018,ED,481,321,0.006205,0.004190,,0.010395,0.0000,255.0000,46.6974,OK,
BSDS500,388018,PC,481,321,0.006205,0.323969,,0.330174,0.0000,0.6204,0.0372,OK,
BSDS500,388067,GWi,481,321,0.005920,0.011776,,0.017697,0.0000,5.5595,0.5215,OK,
BSDS500,388067,GWi_odps,481,321,0.005920,0.019005,0.005924,0.030849,0.0000,5.5595,0.2492,OK,
BSDS500,388067,GWC,481,321,0.005920,0.023405,,0.029325,0.0000,6.6298,1.4612,OK,
BSDS500,388067,Canny,481,321,0.005920,0.002198,,0.008119,0.0000,473.2632,53.8542,OK,
BSDS500,388067,Sobel,481,321,0.005920,0.002131,,0.008052,0.0000,1099.1423,108.5023,OK,
BSDS500,388067,LoG,481,321,0.005920,0.001280,,0.007200,0.0000,52.0000,4.2803,OK,
BSDS500,388067,ED,481,321,0.005920,0.004427,,0.010348,0.0000,255.0000,47.5843,OK,
BSDS500,388067,PC,481,321,0.005920,0.318102,,0.324022,0.0000,0.6339,0.0328,OK,
BSDS500,393035,GWi,321,481,0.006159,0.011218,,0.017377,0.0000,4.3095,0.4115,OK,
BSDS500,393035,GWi_odps,321,481,0.006159,0.017610,0.006054,0.029823,0.0000,4.3095,0.2072,OK,
BSDS500,393035,GWC,321,481,0.006159,0.024018,,0.030177,0.0130,4.8135,1.5629,OK,
BSDS500,393035,Canny,321,481,0.006159,0.002360,,0.008519,0.0000,419.1539,40.0675,OK,
BSDS500,393035,Sobel,321,481,0.006159,0.002267,,0.008426,0.0000,945.0767,84.3663,OK,
BSDS500,393035,LoG,321,481,0.006159,0.001334,,0.007493,0.0000,40.0000,3.1637,OK,
BSDS500,393035,ED,321,481,0.006159,0.004047,,0.010206,0.0000,255.0000,40.4876,OK,
BSDS500,393035,PC,321,481,0.006159,0.323552,,0.329711,0.0000,0.6181,0.0336,OK,
BSDS500,41006,GWi,321,481,0.006550,0.011002,,0.017552,0.0000,4.4880,0.3791,OK,
BSDS500,41006,GWi_odps,321,481,0.006550,0.018551,0.005887,0.030988,0.0000,4.4880,0.1786,OK,
BSDS500,41006,GWC,321,481,0.006550,0.024112,,0.030662,0.0000,5.5555,1.2653,OK,
BSDS500,41006,Canny,321,481,0.006550,0.002255,,0.008805,0.0000,444.2072,44.3949,OK,
BSDS500,41006,Sobel,321,481,0.006550,0.002247,,0.008797,0.0000,1055.3672,80.8761,OK,
BSDS500,41006,LoG,321,481,0.006550,0.001307,,0.007857,0.0000,49.0000,2.9752,OK,
BSDS500,41006,ED,321,481,0.006550,0.004207,,0.010757,0.0000,255.0000,47.1450,OK,
BSDS500,41006,PC,321,481,0.006550,0.320302,,0.326852,0.0000,0.6020,0.0247,OK,
BSDS500,41029,GWi,321,481,0.005998,0.011165,,0.017163,0.0000,4.3082,0.3966,OK,
BSDS500,41029,GWi_odps,321,481,0.005998,0.019197,0.005913,0.031107,0.0000,4.3082,0.1949,OK,
BSDS500,41029,GWC,321,481,0.005998,0.024130,,0.030128,0.0076,5.1398,1.3148,OK,
BSDS500,41029,Canny,321,481,0.005998,0.002306,,0.008304,0.0000,463.1306,45.4534,OK,
BSDS500,41029,Sobel,321,481,0.005998,0.002157,,0.008155,0.0000,1017.2001,81.9044,OK,
BSDS500,41029,LoG,321,481,0.005998,0.001319,,0.007317,0.0000,54.0000,3.1229,OK,
BSDS500,41029,ED,321,481,0.005998,0.004201,,0.010198,0.0000,255.0000,41.1367,OK,
BSDS500,41029,PC,321,481,0.005998,0.321128,,0.327126,0.0000,0.6319,0.0335,OK,
BSDS500,41085,GWi,321,481,0.006723,0.011429,,0.018152,0.0000,4.6576,0.6912,OK,
BSDS500,41085,GWi_odps,321,481,0.006723,0.019383,0.005979,0.032085,0.0000,4.6576,0.3304,OK,
BSDS500,41085,GWC,321,481,0.006723,0.023862,,0.030585,0.0100,5.7167,1.5569,OK,
BSDS500,41085,Canny,321,481,0.006723,0.002203,,0.008926,0.0000,453.7003,80.9374,OK,
BSDS500,41085,Sobel,321,481,0.006723,0.002146,,0.008869,0.0000,1057.9462,150.4862,OK,
BSDS500,41085,LoG,321,481,0.006723,0.001440,,0.008163,0.0000,57.0000,5.6335,OK,
BSDS500,41085,ED,321,481,0.006723,0.004745,,0.011468,0.0000,255.0000,52.2978,OK,
BSDS500,41085,PC,321,481,0.006723,0.323946,,0.330669,0.0000,0.4867,0.0247,OK,
BSDS500,41096,GWi,321,481,0.005998,0.010999,,0.016998,0.0000,4.3327,0.5194,OK,
BSDS500,41096,GWi_odps,321,481,0.005998,0.019296,0.005825,0.031119,0.0000,4.3327,0.2478,OK,
BSDS500,41096,GWC,321,481,0.005998,0.024234,,0.030233,0.0055,5.5830,1.4270,OK,
BSDS500,41096,Canny,321,481,0.005998,0.002289,,0.008287,0.0000,468.3695,57.3779,OK,
BSDS500,41096,Sobel,321,481,0.005998,0.002156,,0.008154,0.0000,1025.9552,111.5438,OK,
BSDS500,41096,LoG,321,481,0.005998,0.001425,,0.007424,0.0000,49.0000,4.1907,OK,
BSDS500,41096,ED,321,481,0.005998,0.004391,,0.010390,0.0000,255.0000,42.5586,OK,
BSDS500,41096,PC,321,481,0.005998,0.324229,,0.330227,0.0000,0.6293,0.0362,OK,
BSDS500,43033,GWi,321,481,0.005905,0.010982,,0.016887,0.0000,5.3311,0.9086,OK,
BSDS500,43033,GWi_odps,321,481,0.005905,0.018127,0.005766,0.029799,0.0000,5.3311,0.4532,OK,
BSDS500,43033,GWC,321,481,0.005905,0.026644,,0.032549,0.0148,6.2794,1.7809,OK,
BSDS500,43033,Canny,321,481,0.005905,0.002326,,0.008231,0.0000,500.5038,98.1608,OK,
BSDS500,43033,Sobel,321,481,0.005905,0.002256,,0.008161,0.0000,1130.1195,199.2765,OK,
BSDS500,43033,LoG,321,481,0.005905,0.001466,,0.007371,0.0000,51.0000,7.9127,OK,
BSDS500,43033,ED,321,481,0.005905,0.005758,,0.011663,0.0000,255.0000,62.8132,OK,
BSDS500,43033,PC,321,481,0.005905,0.323205,,0.329110,0.0000,0.3544,0.0101,OK,
BSDS500,43051,GWi,321,481,0.005885,0.010706,,0.016590,0.0000,4.9102,0.5910,OK,
BSDS500,43051,GWi_odps,321,481,0.005885,0.018173,0.005636,0.029693,0.0000,4.9102,0.2909,OK,
BSDS500,43051,GWC,321,481,0.005885,0.023863,,0.029748,0.0121,6.7554,1.4872,OK,
BSDS500,43051,Canny,321,481,0.005885,0.002189,,0.008073,0.0000,475.7857,64.1444,OK,
BSDS500,43051,Sobel,321,481,0.005885,0.002140,,0.008024,0.0000,1060.3933,128.0858,OK,
BSDS500,43051,LoG,321,481,0.005885,0.001325,,0.007209,0.0000,58.0000,4.7914,OK,
BSDS500,43051,ED,321,481,0.005885,0.004044,,0.009929,0.0000,255.0000,52.6628,OK,
BSDS500,43051,PC,321,481,0.005885,0.322275,,0.328160,0.0000,0.5139,0.0257,OK,
BSDS500,45000,GWi,321,481,0.005777,0.010859,,0.016636,0.0000,5.0739,0.8637,OK,
BSDS500,45000,GWi_odps,321,481,0.005777,0.019471,0.005984,0.031233,0.0000,5.0739,0.4099,OK,
BSDS500,45000,GWC,321,481,0.005777,0.024013,,0.029791,0.0420,6.2848,1.7120,OK,
BSDS500,45000,Canny,321,481,0.005777,0.002246,,0.008023,0.0000,500.3539,92.4674,OK,
BSDS500,45000,Sobel,321,481,0.005777,0.002142,,0.007919,0.0000,1121.7495,187.6068,OK,
BSDS500,45000,LoG,321,481,0.005777,0.001393,,0.007170,0.0000,52.0000,6.9910,OK,
BSDS500,45000,ED,321,481,0.005777,0.005390,,0.011167,0.0000,255.0000,60.1988,OK,
BSDS500,45000,PC,321,481,0.005777,0.324146,,0.329923,0.0000,0.3665,0.0148,OK,
BSDS500,48017,GWi,321,481,0.006236,0.010810,,0.017046,0.0000,4.1781,0.6916,OK,
BSDS500,48017,GWi_odps,321,481,0.006236,0.017814,0.005753,0.029804,0.0000,4.1781,0.3482,OK,
BSDS500,48017,GWC,321,481,0.006236,0.023641,,0.029877,0.0577,5.4472,1.5975,OK,
BSDS500,48017,Canny,321,481,0.006236,0.002232,,0.008468,0.0000,433.9700,74.3578,OK,
BSDS500,48017,Sobel,321,481,0.006236,0.002290,,0.008526,0.0000,1003.4191,145.7206,OK,
BSDS500,48017,LoG,321,481,0.006236,0.001512,,0.007749,0.0000,35.0000,5.8880,OK,
BSDS500,48017,ED,321,481,0.006236,0.004309,,0.010546,0.0000,255.0000,56.1277,OK,
BSDS500,48017,PC,321,481,0.006236,0.317153,,0.323389,0.0000,0.4998,0.0345,OK,
BSDS500,48025,GWi,321,481,0.006144,0.010953,,0.017098,0.0000,4.7517,0.4830,OK,
BSDS500,48025,GWi_odps,321,481,0.006144,0.018739,0.005702,0.030586,0.0000,4.7517,0.2369,OK,
BSDS500,48025,GWC,321,481,0.006144,0.024061,,0.030205,0.0158,5.5603,1.4104,OK,
BSDS500,48025,Canny,321,481,0.006144,0.002273,,0.008417,0.0000,396.9131,40.4493,OK,
BSDS500,48025,Sobel,321,481,0.006144,0.002214,,0.008359,0.0000,1015.9577,104.9900,OK,
BSDS500,48025,LoG,321,481,0.006144,0.001314,,0.007459,0.0000,52.0000,3.6237,OK,
BSDS500,48025,ED,321,481,0.006144,0.004308,,0.010453,0.0000,255.0000,53.3862,OK,
BSDS500,48025,PC,321,481,0.006144,0.321114,,0.327259,0.0000,0.5872,0.0175,OK,
BSDS500,49024,GWi,321,481,0.005773,0.011174,,0.016947,0.0000,4.3402,0.3129,OK,
BSDS500,49024,GWi_odps,321,481,0.005773,0.019410,0.005872,0.031055,0.0000,4.3402,0.1534,OK,
BSDS500,49024,GWC,321,481,0.005773,0.023466,,0.029239,0.0095,5.4152,1.2244,OK,
BSDS500,49024,Canny,321,481,0.005773,0.002300,,0.008073,0.0000,485.8354,40.9532,OK,
BSDS500,49024,Sobel,321,481,0.005773,0.002150,,0.007923,0.0000,1045.1124,64.2134,OK,
BSDS500,49024,LoG,321,481,0.005773,0.001300,,0.007073,0.0000,44.0000,2.5978,OK,
BSDS500,49024,ED,321,481,0.005773,0.003830,,0.009603,0.0000,255.0000,35.3084,OK,
BSDS500,49024,PC,321,481,0.005773,0.320727,,0.326500,0.0000,0.6996,0.0329,OK,
BSDS500,5096,GWi,321,481,0.005935,0.010944,,0.016879,0.0039,4.4587,0.5244,OK,
BSDS500,5096,GWi_odps,321,481,0.005935,0.019469,0.005721,0.031124,0.0000,4.4587,0.2530,OK,
BSDS500,5096,GWC,321,481,0.005935,0.024171,,0.030105,0.0425,5.0867,1.4508,OK,
BSDS500,5096,Canny,321,481,0.005935,0.002222,,0.008157,0.0000,474.6051,49.1843,OK,
BSDS500,5096,Sobel,321,481,0.005935,0.002115,,0.008050,0.0000,1035.3019,115.4689,OK,
BSDS500,5096,LoG,321,481,0.005935,0.001311,,0.007246,0.0000,44.0000,4.0378,OK,
BSDS500,5096,ED,321,481,0.005935,0.004689,,0.010624,0.0000,255.0000,52.6842,OK,
BSDS500,5096,PC,321,481,0.005935,0.342310,,0.348245,0.0000,0.5752,0.0208,OK,
BSDS500,51084,GWi,321,481,0.006148,0.013344,,0.019492,0.0000,4.3095,0.4081,OK,
BSDS500,51084,GWi_odps,321,481,0.006148,0.022342,0.006524,0.035014,0.0000,4.3095,0.2064,OK,
BSDS500,51084,GWC,321,481,0.006148,0.026848,,0.032996,0.0331,5.5736,1.3164,OK,
BSDS500,51084,Canny,321,481,0.006148,0.002847,,0.008996,0.0000,406.0049,49.1733,OK,
BSDS500,51084,Sobel,321,481,0.006148,0.002441,,0.008589,0.0000,982.8947,83.8856,OK,
BSDS500,51084,LoG,321,481,0.006148,0.001622,,0.007771,0.0000,43.0000,3.3557,OK,
BSDS500,51084,ED,321,481,0.006148,0.005360,,0.011508,0.0000,255.0000,47.9394,OK,
BSDS500,51084,PC,321,481,0.006148,0.334623,,0.340772,0.0000,0.6067,0.0318,OK,
BSDS500,6046,GWi,481,321,0.006505,0.010902,,0.017408,0.0000,4.3095,0.6110,OK,
BSDS500,6046,GWi_odps,481,321,0.006505,0.018974,0.005856,0.031335,0.0000,4.3095,0.2988,OK,
BSDS500,6046,GWC,481,321,0.006505,0.023757,,0.030262,0.0154,5.2632,1.5973,OK,
BSDS500,6046,Canny,481,321,0.006505,0.002248,,0.008753,0.0000,453.6541,57.7017,OK,
BSDS500,6046,Sobel,481,321,0.006505,0.002131,,0.008636,0.0000,986.7137,130.1724,OK,
BSDS500,6046,LoG,481,321,0.006505,0.001300,,0.007805,0.0000,43.0000,4.4609,OK,
BSDS500,6046,ED,481,321,0.006505,0.004797,,0.011303,0.0000,255.0000,55.2887,OK,
BSDS500,6046,PC,481,321,0.006505,0.328908,,0.335414,0.0000,0.5648,0.0189,OK,
BSDS500,61034,GWi,481,321,0.006273,0.011647,,0.017920,0.0000,4.6025,0.4886,OK,
BSDS500,61034,GWi_odps,481,321,0.006273,0.020077,0.005822,0.032172,0.0000,4.6025,0.2589,OK,
BSDS500,61034,GWC,481,321,0.006273,0.025932,,0.032205,0.0083,5.9610,1.4176,OK,
BSDS500,61034,Canny,481,321,0.006273,0.002219,,0.008492,0.0000,422.0521,56.9124,OK,
BSDS500,61034,Sobel,481,321,0.006273,0.002328,,0.008601,0.0000,1057.3977,99.3683,OK,
BSDS500,61034,LoG,481,321,0.006273,0.001302,,0.007575,0.0000,52.0000,4.1040,OK,
BSDS500,61034,ED,481,321,0.006273,0.003677,,0.009950,0.0000,255.0000,45.1598,OK,
BSDS500,61034,PC,481,321,0.006273,0.322644,,0.328917,0.0000,0.6367,0.0392,OK,
BSDS500,64061,GWi,481,321,0.005822,0.010842,,0.016664,0.0000,4.3550,0.4018,OK,
BSDS500,64061,GWi_odps,481,321,0.005822,0.019086,0.005892,0.030799,0.0000,4.3550,0.2020,OK,
BSDS500,64061,GWC,481,321,0.005822,0.024184,,0.030006,0.0038,5.4903,1.3138,OK,
BSDS500,64061,Canny,481,321,0.005822,0.002381,,0.008203,0.0000,469.7744,40.8548,OK,
BSDS500,64061,Sobel,481,321,0.005822,0.002317,,0.008139,0.0000,1037.2271,84.3247,OK,
BSDS500,64061,LoG,481,321,0.005822,0.001453,,0.007275,0.0000,45.0000,3.0867,OK,
BSDS500,64061,ED,481,321,0.005822,0.004907,,0.010729,0.0000,255.0000,53.7825,OK,
BSDS500,64061,PC,481,321,0.005822,0.323066,,0.328888,0.0000,0.6290,0.0242,OK,
BSDS500,65084,GWi,481,321,0.006016,0.010898,,0.016914,0.0000,4.2566,0.3682,OK,
BSDS500,65084,GWi_odps,481,321,0.006016,0.019484,0.005741,0.031241,0.0000,4.2566,0.1920,OK,
BSDS500,65084,GWC,481,321,0.006016,0.024093,,0.030109,0.0055,5.6410,1.2963,OK,
BSDS500,65084,Canny,481,321,0.006016,0.002179,,0.008195,0.0000,383.1762,47.1819,OK,
BSDS500,65084,Sobel,481,321,0.006016,0.002379,,0.008395,0.0000,973.3787,75.2699,OK,
BSDS500,65084,LoG,481,321,0.006016,0.001400,,0.007416,0.0000,42.0000,3.4000,OK,
BSDS500,65084,ED,481,321,0.006016,0.003592,,0.009608,0.0000,255.0000,35.8401,OK,
BSDS500,65084,PC,481,321,0.006016,0.322611,,0.328627,0.0000,0.6413,0.0413,OK,
BSDS500,69000,GWi,321,481,0.006484,0.010901,,0.017385,0.0000,4.5136,0.5568,OK,
BSDS500,69000,GWi_odps,321,481,0.006484,0.018992,0.005928,0.031403,0.0000,4.5136,0.2781,OK,
BSDS500,69000,GWC,321,481,0.006484,0.023730,,0.030213,0.0283,5.7613,1.4650,OK,
BSDS500,69000,Canny,321,481,0.006484,0.002212,,0.008695,0.0000,435.6007,55.8349,OK,
BSDS500,69000,Sobel,321,481,0.006484,0.002140,,0.008624,0.0000,984.6025,118.7260,OK,
BSDS500,69000,LoG,321,481,0.006484,0.001300,,0.007784,0.0000,43.0000,4.1393,OK,
BSDS500,69000,ED,321,481,0.006484,0.004588,,0.011072,0.0000,255.0000,49.0541,OK,
BSDS500,69000,PC,321,481,0.006484,0.319802,,0.326285,0.0000,0.5822,0.0279,OK,
BSDS500,69007,GWi,321,481,0.006106,0.010906,,0.017012,0.0000,4.6482,0.7816,OK,
BSDS500,69007,GWi_odps,321,481,0.006106,0.018663,0.005689,0.030458,0.0000,4.6482,0.3455,OK,
BSDS500,69007,GWC,321,481,0.006106,0.024115,,0.030221,0.0124,6.9553,1.8034,OK,
BSDS500,69007,Canny,321,481,0.006106,0.002246,,0.008353,0.0000,461.5734,61.8560,OK,
BSDS500,69007,Sobel,321,481,0.006106,0.002157,,0.008263,0.0000,1055.7623,176.8473,OK,
BSDS500,69007,LoG,321,481,0.006106,0.001388,,0.007494,0.0000,60.0000,5.7807,OK,
BSDS500,69007,ED,321,481,0.006106,0.003756,,0.009862,0.0000,255.0000,43.8518,OK,
BSDS500,69007,PC,321,481,0.006106,0.321127,,0.327233,0.0000,0.6401,0.0332,OK,
BSDS500,69022,GWi,321,481,0.006198,0.011007,,0.017206,0.0000,4.3515,0.6994,OK,
BSDS500,69022,GWi_odps,321,481,0.006198,0.018749,0.006120,0.031068,0.0000,4.3515,0.3449,OK,
BSDS500,69022,GWC,321,481,0.006198,0.024402,,0.030600,0.0183,5.3893,1.5393,OK,
BSDS500,69022,Canny,321,481,0.006198,0.002317,,0.008516,0.0000,481.1756,102.9265,OK,
BSDS500,69022,Sobel,321,481,0.006198,0.002126,,0.008324,0.0000,995.4587,153.1691,OK,
BSDS500,69022,LoG,321,481,0.006198,0.001302,,0.007501,0.0000,47.0000,6.5215,OK,
BSDS500,69022,ED,321,481,0.006198,0.004428,,0.010626,0.0000,255.0000,49.4324,OK,
BSDS500,69022,PC,321,481,0.006198,0.317239,,0.323437,0.0000,0.5268,0.0363,OK,
BSDS500,70011,GWi,321,481,0.005792,0.011038,,0.016830,0.0000,4.7301,0.4349,OK,
BSDS500,70011,GWi_odps,321,481,0.005792,0.018854,0.005672,0.030318,0.0000,4.7301,0.1978,OK,
BSDS500,70011,GWC,321,481,0.005792,0.025141,,0.030933,0.0000,6.1489,1.2669,OK,
BSDS500,70011,Canny,321,481,0.005792,0.002538,,0.008330,0.0000,508.8123,73.3721,OK,
BSDS500,70011,Sobel,321,481,0.005792,0.002227,,0.008019,0.0000,1084.7599,92.5019,OK,
BSDS500,70011,LoG,321,481,0.005792,0.001311,,0.007103,0.0000,58.0000,3.5260,OK,
BSDS500,70011,ED,321,481,0.005792,0.004065,,0.009857,0.0000,255.0000,43.4554,OK,
BSDS500,70011,PC,321,481,0.005792,0.322075,,0.327867,0.0000,0.6177,0.0449,OK,
BSDS500,70090,GWi,481,321,0.006427,0.010899,,0.017326,0.0000,4.4873,0.4958,OK,
BSDS500,70090,GWi_odps,481,321,0.006427,0.018530,0.005766,0.030723,0.0000,4.4873,0.2358,OK,
BSDS500,70090,GWC,481,321,0.006427,0.023997,,0.030424,0.0408,5.4654,1.3792,OK,
BSDS500,70090,Canny,481,321,0.006427,0.002427,,0.008855,0.0000,452.4179,63.1673,OK,
BSDS500,70090,Sobel,481,321,0.006427,0.002164,,0.008591,0.0000,1002.6784,105.3424,OK,
BSDS500,70090,LoG,481,321,0.006427,0.001416,,0.007844,0.0000,59.0000,4.1178,OK,
BSDS500,70090,ED,481,321,0.006427,0.004098,,0.010526,0.0000,255.0000,44.9600,OK,
BSDS500,70090,PC,481,321,0.006427,0.325089,,0.331516,0.0000,0.6161,0.0408,OK,
BSDS500,71076,GWi,481,321,0.006191,0.011076,,0.017267,0.0000,4.9637,0.5432,OK,
BSDS500,71076,GWi_odps,481,321,0.006191,0.019852,0.005946,0.031988,0.0000,4.9637,0.2652,OK,
BSDS500,71076,GWC,481,321,0.006191,0.024023,,0.030214,0.0000,6.0248,1.4323,OK,
BSDS500,71076,Canny,481,321,0.006191,0.002326,,0.008516,0.0000,511.7695,52.8719,OK,
BSDS500,71076,Sobel,481,321,0.006191,0.002178,,0.008369,0.0000,1110.9491,114.4034,OK,
BSDS500,71076,LoG,481,321,0.006191,0.001329,,0.007520,0.0000,61.0000,4.0791,OK,
BSDS500,71076,ED,481,321,0.006191,0.005084,,0.011274,0.0000,255.0000,59.2211,OK,
BSDS500,71076,PC,481,321,0.006191,0.322806,,0.328997,0.0000,0.5824,0.0249,OK,
BSDS500,71099,GWi,321,481,0.006112,0.010905,,0.017017,0.0000,4.4739,0.5582,OK,
BSDS500,71099,GWi_odps,321,481,0.006112,0.019375,0.005770,0.031257,0.0000,4.4739,0.2568,OK,
BSDS500,71099,GWC,321,481,0.006112,0.024128,,0.030240,0.0201,5.6783,1.4670,OK,
BSDS500,71099,Canny,321,481,0.006112,0.002247,,0.008359,0.0000,415.3938,45.2191,OK,
BSDS500,71099,Sobel,321,481,0.006112,0.002170,,0.008282,0.0000,972.2490,123.0852,OK,
BSDS500,71099,LoG,321,481,0.006112,0.001317,,0.007429,0.0000,43.0000,3.9273,OK,
BSDS500,71099,ED,321,481,0.006112,0.004984,,0.011096,0.0000,255.0000,54.6909,OK,
BSDS500,71099,PC,321,481,0.006112,0.324869,,0.330981,0.0000,0.6284,0.0199,OK,
BSDS500,77062,GWi,321,481,0.006004,0.011164,,0.017168,0.0000,4.1170,0.6639,OK,
BSDS500,77062,GWi_odps,321,481,0.006004,0.019435,0.005746,0.031184,0.0000,4.1170,0.3117,OK,
BSDS500,77062,GWC,321,481,0.006004,0.023902,,0.029906,0.0280,5.9487,1.5500,OK,
BSDS500,77062,Canny,321,481,0.006004,0.002469,,0.008473,0.0000,424.7470,62.7691,OK,
BSDS500,77062,Sobel,321,481,0.006004,0.002163,,0.008167,0.0000,966.2008,143.5319,OK,
BSDS500,77062,LoG,321,481,0.006004,0.001400,,0.007404,0.0000,56.0000,5.0825,OK,
BSDS500,77062,ED,321,481,0.006004,0.005164,,0.011168,0.0000,255.0000,59.7776,OK,
BSDS500,77062,PC,321,481,0.006004,0.317053,,0.323057,0.0000,0.4916,0.0177,OK,
BSDS500,78098,GWi,321,481,0.006644,0.010736,,0.017380,0.0000,4.7939,0.6859,OK,
BSDS500,78098,GWi_odps,321,481,0.006644,0.019377,0.005832,0.031854,0.0000,4.7939,0.3383,OK,
BSDS500,78098,GWC,321,481,0.006644,0.023941,,0.030586,0.0232,5.7864,1.5860,OK,
BSDS500,78098,Canny,321,481,0.006644,0.002276,,0.008920,0.0000,448.5399,66.3263,OK,
BSDS500,78098,Sobel,321,481,0.006644,0.002207,,0.008851,0.0000,1040.6969,149.3888,OK,
BSDS500,78098,LoG,321,481,0.006644,0.001421,,0.008065,0.0000,52.0000,5.1843,OK,
BSDS500,78098,ED,321,481,0.006644,0.004923,,0.011568,0.0000,255.0000,54.7834,OK,
BSDS500,78098,PC,321,481,0.006644,0.329520,,0.336164,0.0000,0.4675,0.0183,OK,
BSDS500,79073,GWi,321,481,0.006394,0.011328,,0.017722,0.0075,4.6478,0.8609,OK,
BSDS500,79073,GWi_odps,321,481,0.006394,0.019995,0.005780,0.032169,0.0000,4.6478,0.4110,OK,
BSDS500,79073,GWC,321,481,0.006394,0.023925,,0.030319,0.0361,6.2124,1.7447,OK,
BSDS500,79073,Canny,321,481,0.006394,0.002200,,0.008595,0.0000,475.4640,81.8009,OK,
BSDS500,79073,Sobel,321,481,0.006394,0.002143,,0.008537,0.0000,1045.8853,191.3188,OK,
BSDS500,79073,LoG,321,481,0.006394,0.001334,,0.007728,0.0000,54.0000,6.4591,OK,
BSDS500,79073,ED,321,481,0.006394,0.005271,,0.011665,0.0000,255.0000,61.2128,OK,
BSDS500,79073,PC,321,481,0.006394,0.335151,,0.341545,0.0000,0.4507,0.0156,OK,
BSDS500,80085,GWi,321,481,0.005817,0.011048,,0.016865,0.0000,4.9603,0.3840,OK,
BSDS500,80085,GWi_odps,321,481,0.005817,0.019355,0.005725,0.030897,0.0000,4.9603,0.1978,OK,
BSDS500,80085,GWC,321,481,0.005817,0.023974,,0.029790,0.0193,5.7249,1.3476,OK,
BSDS500,80085,Canny,321,481,0.005817,0.002308,,0.008125,0.0000,492.3251,45.2317,OK,
BSDS500,80085,Sobel,321,481,0.005817,0.002210,,0.008026,0.0000,1078.4034,80.2105,OK,
BSDS500,80085,LoG,321,481,0.005817,0.001302,,0.007119,0.0000,61.0000,3.5662,OK,
BSDS500,80085,ED,321,481,0.005817,0.003295,,0.009112,0.0000,255.0000,25.3050,OK,
BSDS500,80085,PC,321,481,0.005817,0.320214,,0.326030,0.0000,0.7572,0.0420,OK,
BSDS500,80090,GWi,481,321,0.006111,0.010971,,0.017082,0.0000,4.9287,0.8889,OK,
BSDS500,80090,GWi_odps,481,321,0.006111,0.019185,0.005953,0.031249,0.0000,4.9287,0.4246,OK,
BSDS500,80090,GWC,481,321,0.006111,0.023755,,0.029866,0.0073,6.2730,1.7441,OK,
BSDS500,80090,Canny,481,321,0.006111,0.002189,,0.008300,0.0000,495.3625,94.1345,OK,
BSDS500,80090,Sobel,481,321,0.006111,0.002136,,0.008248,0.0000,1060.0471,193.6344,OK,
BSDS500,80090,LoG,481,321,0.006111,0.001285,,0.007396,0.0000,56.0000,7.2170,OK,
BSDS500,80090,ED,481,321,0.006111,0.005197,,0.011308,0.0000,255.0000,57.8371,OK,
BSDS500,80090,PC,481,321,0.006111,0.322973,,0.329085,0.0000,0.4374,0.0161,OK,
BSDS500,8068,GWi,321,481,0.005944,0.010942,,0.016887,0.0000,4.1525,0.5022,OK,
BSDS500,8068,GWi_odps,321,481,0.005944,0.018398,0.005682,0.030025,0.0000,4.1525,0.2411,OK,
BSDS500,8068,GWC,321,481,0.005944,0.024566,,0.030510,0.0032,4.9536,1.4504,OK,
BSDS500,8068,Canny,321,481,0.005944,0.002242,,0.008187,0.0000,421.7155,48.7204,OK,
BSDS500,8068,Sobel,321,481,0.005944,0.002182,,0.008127,0.0000,976.1660,109.9126,OK,
BSDS500,8068,LoG,321,481,0.005944,0.001316,,0.007260,0.0000,39.0000,4.0903,OK,
BSDS500,8068,ED,321,481,0.005944,0.004079,,0.010024,0.0000,255.0000,52.3275,OK,
BSDS500,8068,PC,321,481,0.005944,0.322727,,0.328672,0.0000,0.5733,0.0158,OK,
BSDS500,81066,GWi,321,481,0.005981,0.011175,,0.017156,0.0000,4.9373,0.6009,OK,
BSDS500,81066,GWi_odps,321,481,0.005981,0.018881,0.005815,0.030677,0.0000,4.9373,0.2939,OK,
BSDS500,81066,GWC,321,481,0.005981,0.024083,,0.030064,0.0000,6.0750,1.4817,OK,
BSDS500,81066,Canny,321,481,0.005981,0.002266,,0.008247,0.0000,461.3415,55.3234,OK,
BSDS500,81066,Sobel,321,481,0.005981,0.002181,,0.008162,0.0000,1075.9219,129.0324,OK,
BSDS500,81066,LoG,321,481,0.005981,0.001409,,0.007390,0.0000,54.0000,4.5258,OK,
BSDS500,81066,ED,321,481,0.005981,0.004332,,0.010313,0.0000,255.0000,56.4151,OK,
BSDS500,81066,PC,321,481,0.005981,0.326790,,0.332771,0.0000,0.5469,0.0225,OK,
BSDS500,81090,GWi,481,321,0.005922,0.011550,,0.017472,0.0000,4.9878,0.5161,OK,
BSDS500,81090,GWi_odps,481,321,0.005922,0.019512,0.006201,0.031634,0.0000,4.9878,0.2524,OK,
BSDS500,81090,GWC,481,321,0.005922,0.024578,,0.030500,0.0086,6.1178,1.4514,OK,
BSDS500,81090,Canny,481,321,0.005922,0.002363,,0.008284,0.0000,446.3743,56.8742,OK,
BSDS500,81090,Sobel,481,321,0.005922,0.002195,,0.008116,0.0000,1000.9935,107.0437,OK,
BSDS500,81090,LoG,481,321,0.005922,0.001280,,0.007201,0.0000,57.0000,4.3939,OK,
BSDS500,81090,ED,481,321,0.005922,0.004356,,0.010278,0.0000,255.0000,37.9640,OK,
BSDS500,81090,PC,481,321,0.005922,0.316276,,0.322197,0.0000,0.5789,0.0421,OK,
BSDS500,81095,GWi,321,481,0.005732,0.010974,,0.016706,0.0000,4.8936,0.3691,OK,
BSDS500,81095,GWi_odps,321,481,0.005732,0.018656,0.005856,0.030244,0.0000,4.8936,0.1879,OK,
BSDS500,81095,GWC,321,481,0.005732,0.023660,,0.029392,0.0000,6.5208,1.3048,OK,
BSDS500,81095,Canny,321,481,0.005732,0.002210,,0.007942,0.0000,469.0927,41.1753,OK,
BSDS500,81095,Sobel,321,481,0.005732,0.002075,,0.007807,0.0000,1097.6721,76.0429,OK,
BSDS500,81095,LoG,321,481,0.005732,0.001291,,0.007023,0.0000,47.0000,3.2116,OK,
BSDS500,81095,ED,321,481,0.005732,0.003656,,0.009388,0.0000,255.0000,37.1135,OK,
BSDS500,81095,PC,321,481,0.005732,0.321094,,0.326826,0.0000,0.6467,0.0350,OK,
BSDS500,87015,GWi,321,481,0.006297,0.011016,,0.017314,0.0000,4.8913,0.7414,OK,
BSDS500,87015,GWi_odps,321,481,0.006297,0.020168,0.005692,0.032157,0.0000,4.8913,0.3459,OK,
BSDS500,87015,GWC,321,481,0.006297,0.023889,,0.030187,0.0000,5.3592,1.6092,OK,
BSDS500,87015,Canny,321,481,0.006297,0.002216,,0.008513,0.0000,492.0833,65.6949,OK,
BSDS500,87015,Sobel,321,481,0.006297,0.002143,,0.008440,0.0000,1107.8348,162.0019,OK,
BSDS500,87015,LoG,321,481,0.006297,0.001315,,0.007612,0.0000,53.0000,5.2642,OK,
BSDS500,87015,ED,321,481,0.006297,0.005821,,0.012118,0.0000,255.0000,64.7802,OK,
BSDS500,87015,PC,321,481,0.006297,0.320127,,0.326425,0.0000,0.4710,0.0136,OK,
BSDS500,92014,GWi,321,481,0.005964,0.011059,,0.017023,0.0000,4.8158,0.6374,OK,
BSDS500,92014,GWi_odps,321,481,0.005964,0.019154,0.005623,0.030741,0.0000,4.8158,0.3135,OK,
BSDS500,92014,GWC,321,481,0.005964,0.023838,,0.029802,0.0093,5.7726,1.6148,OK,
BSDS500,92014,Canny,321,481,0.005964,0.002201,,0.008165,0.0000,450.5641,61.5407,OK,
BSDS500,92014,Sobel,321,481,0.005964,0.002158,,0.008122,0.0000,1016.0207,136.6790,OK,
BSDS500,92014,LoG,321,481,0.005964,0.001302,,0.007266,0.0000,48.0000,4.7769,OK,
BSDS500,92014,ED,321,481,0.005964,0.004980,,0.010945,0.0000,255.0000,57.2739,OK,
BSDS500,92014,PC,321,481,0.005964,0.319601,,0.325565,0.0000,0.5228,0.0254,OK,
BSDS500,94095,GWi,321,481,0.005994,0.011033,,0.017027,0.0029,4.8561,0.9966,OK,
BSDS500,94095,GWi_odps,321,481,0.005994,0.019534,0.005883,0.031410,0.0000,4.8561,0.4706,OK,
BSDS500,94095,GWC,321,481,0.005994,0.023901,,0.029895,0.0035,5.7380,1.8447,OK,
BSDS500,94095,Canny,321,481,0.005994,0.002226,,0.008220,0.0000,472.5124,101.7918,OK,
BSDS500,94095,Sobel,321,481,0.005994,0.002143,,0.008137,0.0000,1087.2939,220.9408,OK,
BSDS500,94095,LoG,321,481,0.005994,0.001296,,0.007290,0.0000,57.0000,7.7585,OK,
BSDS500,94095,ED,321,481,0.005994,0.005415,,0.011409,0.0000,255.0000,62.5572,OK,
BSDS500,94095,PC,321,481,0.005994,0.327098,,0.333092,0.0000,0.3312,0.0116,OK,
BSDS500,97010,GWi,321,481,0.005779,0.012530,,0.018309,0.0000,5.1103,0.7250,OK,
BSDS500,97010,GWi_odps,321,481,0.005779,0.021574,0.006013,0.033365,0.0000,5.1103,0.3252,OK,
BSDS500,97010,GWC,321,481,0.005779,0.023644,,0.029422,0.0150,6.3459,1.6475,OK,
BSDS500,97010,Canny,321,481,0.005779,0.002227,,0.008005,0.0000,498.2630,55.3032,OK,
BSDS500,97010,Sobel,321,481,0.005779,0.002135,,0.007913,0.0000,1092.0120,160.4738,OK,
BSDS500,97010,LoG,321,481,0.005779,0.001297,,0.007076,0.0000,60.0000,4.9890,OK,
BSDS500,97010,ED,321,481,0.005779,0.004762,,0.010541,0.0000,255.0000,46.9402,OK,
BSDS500,97010,PC,321,481,0.005779,0.320873,,0.326652,0.0000,0.5484,0.0177,OK,
BIPED,RGB_008,GWi,720,1280,0.034609,0.064877,,0.099486,0.0000,4.3095,0.5255,OK,
BIPED,RGB_008,GWi_odps,720,1280,0.034609,0.119154,0.038045,0.191808,0.0000,4.3095,0.2530,OK,
BIPED,RGB_008,GWC,720,1280,0.034609,0.143945,,0.178554,0.0072,5.2552,1.4661,OK,
BIPED,RGB_008,Canny,720,1280,0.034609,0.013461,,0.048070,0.0000,487.4833,55.9459,OK,
BIPED,RGB_008,Sobel,720,1280,0.034609,0.012318,,0.046927,0.0000,956.3817,117.0221,OK,
BIPED,RGB_008,LoG,720,1280,0.034609,0.007184,,0.041793,0.0000,51.0000,4.5814,OK,
BIPED,RGB_008,ED,720,1280,0.034609,0.025345,,0.059954,0.0000,255.0000,49.5698,OK,
BIPED,RGB_008,PC,720,1280,0.034609,1.750922,,1.785531,0.0000,0.6006,0.0175,OK,
BIPED,RGB_010,GWi,720,1280,0.033101,0.063262,,0.096362,0.0000,4.2250,0.3055,OK,
BIPED,RGB_010,GWi_odps,720,1280,0.033101,0.112980,0.037197,0.183278,0.0000,4.2250,0.1518,OK,
BIPED,RGB_010,GWC,720,1280,0.033101,0.142845,,0.175946,0.0000,4.5283,1.2434,OK,
BIPED,RGB_010,Canny,720,1280,0.033101,0.013622,,0.046722,0.0000,437.3237,39.2943,OK,
BIPED,RGB_010,Sobel,720,1280,0.033101,0.012472,,0.045573,0.0000,791.5314,66.6870,OK,
BIPED,RGB_010,LoG,720,1280,0.033101,0.007070,,0.040170,0.0000,43.0000,2.9279,OK,
BIPED,RGB_010,ED,720,1280,0.033101,0.022882,,0.055982,0.0000,255.0000,48.6747,OK,
BIPED,RGB_010,PC,720,1280,0.033101,1.737388,,1.770489,0.0000,0.6789,0.0253,OK,
BIPED,RGB_017,GWi,720,1280,0.033462,0.066063,,0.099525,0.0000,4.3095,0.3386,OK,
BIPED,RGB_017,GWi_odps,720,1280,0.033462,0.116300,0.038402,0.188165,0.0000,4.3095,0.1654,OK,
BIPED,RGB_017,GWC,720,1280,0.033462,0.147992,,0.181454,0.0151,4.5850,1.2777,OK,
BIPED,RGB_017,Canny,720,1280,0.033462,0.013461,,0.046924,0.0000,422.0047,39.2866,OK,
BIPED,RGB_017,Sobel,720,1280,0.033462,0.012610,,0.046073,0.0000,694.4465,74.4137,OK,
BIPED,RGB_017,LoG,720,1280,0.033462,0.007142,,0.040604,0.0000,33.0000,2.9836,OK,
BIPED,RGB_017,ED,720,1280,0.033462,0.026121,,0.059584,0.0000,255.0000,55.5865,OK,
BIPED,RGB_017,PC,720,1280,0.033462,1.754576,,1.788038,0.0000,0.5738,0.0187,OK,
BIPED,RGB_025,GWi,720,1280,0.038463,0.063515,,0.101979,0.0000,4.3095,0.3053,OK,
BIPED,RGB_025,GWi_odps,720,1280,0.038463,0.113515,0.037061,0.189039,0.0000,4.3095,0.1551,OK,
BIPED,RGB_025,GWC,720,1280,0.038463,0.141516,,0.179979,0.0054,4.6292,1.2701,OK,
BIPED,RGB_025,Canny,720,1280,0.038463,0.014023,,0.052487,0.0000,433.3359,39.1308,OK,
BIPED,RGB_025,Sobel,720,1280,0.038463,0.012435,,0.050899,0.0000,749.1502,66.4253,OK,
BIPED,RGB_025,LoG,720,1280,0.038463,0.006990,,0.045453,0.0000,44.0000,2.8194,OK,
BIPED,RGB_025,ED,720,1280,0.038463,0.023742,,0.062206,0.0000,255.0000,51.2153,OK,
BIPED,RGB_025,PC,720,1280,0.038463,1.748719,,1.787183,0.0000,0.6553,0.0287,OK,
BIPED,RGB_029,GWi,720,1280,0.033110,0.063446,,0.096556,0.0000,4.2885,0.3665,OK,
BIPED,RGB_029,GWi_odps,720,1280,0.033110,0.116105,0.037767,0.186982,0.0000,4.2885,0.1947,OK,
BIPED,RGB_029,GWC,720,1280,0.033110,0.146070,,0.179180,0.0000,4.8128,1.2945,OK,
BIPED,RGB_029,Canny,720,1280,0.033110,0.013303,,0.046413,0.0000,423.3982,49.7024,OK,
BIPED,RGB_029,Sobel,720,1280,0.033110,0.012504,,0.045614,0.0000,802.9570,80.5503,OK,
BIPED,RGB_029,LoG,720,1280,0.033110,0.007169,,0.040279,0.0000,39.0000,3.6351,OK,
BIPED,RGB_029,ED,720,1280,0.033110,0.021227,,0.054337,0.0000,255.0000,49.0607,OK,
BIPED,RGB_029,PC,720,1280,0.033110,1.747109,,1.780219,0.0000,0.6716,0.0281,OK,
BIPED,RGB_033,GWi,720,1280,0.031791,0.063413,,0.095204,0.0000,4.3095,0.2618,OK,
BIPED,RGB_033,GWi_odps,720,1280,0.031791,0.113869,0.038086,0.183745,0.0000,4.3095,0.1299,OK,
BIPED,RGB_033,GWC,720,1280,0.031791,0.142356,,0.174146,0.0185,4.5850,1.2074,OK,
BIPED,RGB_033,Canny,720,1280,0.031791,0.013314,,0.045104,0.0000,398.1206,33.8796,OK,
BIPED,RGB_033,Sobel,720,1280,0.031791,0.012393,,0.044183,0.0000,758.4946,56.5408,OK,
BIPED,RGB_033,LoG,720,1280,0.031791,0.006941,,0.038731,0.0000,39.0000,2.4551,OK,
BIPED,RGB_033,ED,720,1280,0.031791,0.021502,,0.053293,0.0000,255.0000,44.8350,OK,
BIPED,RGB_033,PC,720,1280,0.031791,1.767198,,1.798989,0.0000,0.6583,0.0289,OK,
BIPED,RGB_035,GWi,720,1280,0.033284,0.063897,,0.097181,0.0000,4.2127,0.3916,OK,
BIPED,RGB_035,GWi_odps,720,1280,0.033284,0.114471,0.038533,0.186287,0.0000,4.2127,0.1924,OK,
BIPED,RGB_035,GWC,720,1280,0.033284,0.143449,,0.176733,0.0000,5.2103,1.3170,OK,
BIPED,RGB_035,Canny,720,1280,0.033284,0.013451,,0.046735,0.0000,466.0000,49.4588,OK,
BIPED,RGB_035,Sobel,720,1280,0.033284,0.012403,,0.045687,0.0000,890.8176,86.8884,OK,
BIPED,RGB_035,LoG,720,1280,0.033284,0.006916,,0.040200,0.0000,54.0000,3.6738,OK,
BIPED,RGB_035,ED,720,1280,0.033284,0.024386,,0.057670,0.0000,255.0000,51.7775,OK,
BIPED,RGB_035,PC,720,1280,0.033284,1.741734,,1.775017,0.0000,0.6793,0.0228,OK,
BIPED,RGB_039,GWi,720,1280,0.033319,0.064504,,0.097823,0.0000,4.3726,0.3944,OK,
BIPED,RGB_039,GWi_odps,720,1280,0.033319,0.112140,0.037850,0.183310,0.0000,4.3726,0.1962,OK,
BIPED,RGB_039,GWC,720,1280,0.033319,0.142882,,0.176201,0.0000,5.6858,1.3320,OK,
BIPED,RGB_039,Canny,720,1280,0.033319,0.013755,,0.047075,0.0000,475.6574,51.2564,OK,
BIPED,RGB_039,Sobel,720,1280,0.033319,0.012529,,0.045849,0.0000,970.5586,85.0854,OK,
BIPED,RGB_039,LoG,720,1280,0.033319,0.007020,,0.040339,0.0000,58.0000,3.6801,OK,
BIPED,RGB_039,ED,720,1280,0.033319,0.022511,,0.055831,0.0000,255.0000,45.1056,OK,
BIPED,RGB_039,PC,720,1280,0.033319,1.757274,,1.790594,0.0000,0.6655,0.0283,OK,
BIPED,RGB_042,GWi,720,1280,0.033342,0.064646,,0.097987,0.0000,4.2588,0.3256,OK,
BIPED,RGB_042,GWi_odps,720,1280,0.033342,0.111471,0.037407,0.182220,0.0000,4.2588,0.1610,OK,
BIPED,RGB_042,GWC,720,1280,0.033342,0.143221,,0.176563,0.0000,5.0349,1.3214,OK,
BIPED,RGB_042,Canny,720,1280,0.033342,0.013169,,0.046511,0.0000,450.0711,42.3104,OK,
BIPED,RGB_042,Sobel,720,1280,0.033342,0.012437,,0.045778,0.0000,830.2409,70.9338,OK,
BIPED,RGB_042,LoG,720,1280,0.033342,0.006951,,0.040292,0.0000,46.0000,3.1957,OK,
BIPED,RGB_042,ED,720,1280,0.033342,0.021054,,0.054396,0.0000,255.0000,39.0607,OK,
BIPED,RGB_042,PC,720,1280,0.033342,1.745435,,1.778776,0.0000,0.6786,0.0279,OK,
BIPED,RGB_052,GWi,720,1280,0.032983,0.064771,,0.097754,0.0000,4.3095,0.3416,OK,
BIPED,RGB_052,GWi_odps,720,1280,0.032983,0.112617,0.038399,0.183999,0.0000,4.3095,0.1680,OK,
BIPED,RGB_052,GWC,720,1280,0.032983,0.144026,,0.177009,0.0000,4.6626,1.2907,OK,
BIPED,RGB_052,Canny,720,1280,0.032983,0.013632,,0.046615,0.0000,462.2121,46.4267,OK,
BIPED,RGB_052,Sobel,720,1280,0.032983,0.014711,,0.047694,0.0000,875.1285,74.5968,OK,
BIPED,RGB_052,LoG,720,1280,0.032983,0.007364,,0.040347,0.0000,49.0000,3.2217,OK,
BIPED,RGB_052,ED,720,1280,0.032983,0.023533,,0.056516,0.0000,255.0000,47.8468,OK,
BIPED,RGB_052,PC,720,1280,0.032983,1.750535,,1.783518,0.0000,0.6788,0.0274,OK,
BIPED,RGB_056,GWi,720,1280,0.033516,0.065387,,0.098902,0.0000,4.3095,0.4391,OK,
BIPED,RGB_056,GWi_odps,720,1280,0.033516,0.113684,0.037825,0.185024,0.0000,4.3095,0.2244,OK,
BIPED,RGB_056,GWC,720,1280,0.033516,0.142106,,0.175621,0.0000,5.3728,1.3646,OK,
BIPED,RGB_056,Canny,720,1280,0.033516,0.013386,,0.046902,0.0000,471.6545,60.7149,OK,
BIPED,RGB_056,Sobel,720,1280,0.033516,0.012367,,0.045883,0.0000,899.3520,96.3176,OK,
BIPED,RGB_056,LoG,720,1280,0.033516,0.007277,,0.040793,0.0000,52.0000,4.2229,OK,
BIPED,RGB_056,ED,720,1280,0.033516,0.023616,,0.057132,0.0000,255.0000,49.5266,OK,
BIPED,RGB_056,PC,720,1280,0.033516,1.749707,,1.783223,0.0000,0.6035,0.0334,OK,
BIPED,RGB_057,GWi,720,1280,0.033778,0.063686,,0.097464,0.0000,4.3095,0.4007,OK,
BIPED,RGB_057,GWi_odps,720,1280,0.033778,0.113382,0.037903,0.185063,0.0000,4.3095,0.2017,OK,
BIPED,RGB_057,GWC,720,1280,0.033778,0.142599,,0.176377,0.0000,4.5850,1.3384,OK,
BIPED,RGB_057,Canny,720,1280,0.033778,0.013488,,0.047266,0.0000,456.3442,56.6056,OK,
BIPED,RGB_057,Sobel,720,1280,0.033778,0.012365,,0.046143,0.0000,907.5263,87.6910,OK,
BIPED,RGB_057,LoG,720,1280,0.033778,0.007012,,0.040790,0.0000,52.0000,3.8431,OK,
BIPED,RGB_057,ED,720,1280,0.033778,0.022986,,0.056764,0.0000,255.0000,45.2968,OK,
BIPED,RGB_057,PC,720,1280,0.033778,1.747406,,1.781185,0.0000,0.6315,0.0355,OK,
BIPED,RGB_059,GWi,720,1280,0.033205,0.064421,,0.097627,0.0000,4.3095,0.3405,OK,
BIPED,RGB_059,GWi_odps,720,1280,0.033205,0.116781,0.038013,0.187999,0.0000,4.3095,0.1695,OK,
BIPED,RGB_059,GWC,720,1280,0.033205,0.145645,,0.178850,0.0000,5.0330,1.3103,OK,
BIPED,RGB_059,Canny,720,1280,0.033205,0.013568,,0.046774,0.0000,445.4391,44.6573,OK,
BIPED,RGB_059,Sobel,720,1280,0.033205,0.012481,,0.045687,0.0000,871.2382,73.4744,OK,
BIPED,RGB_059,LoG,720,1280,0.033205,0.006980,,0.040185,0.0000,53.0000,3.2636,OK,
BIPED,RGB_059,ED,720,1280,0.033205,0.022235,,0.055440,0.0000,255.0000,42.1472,OK,
BIPED,RGB_059,PC,720,1280,0.033205,1.753093,,1.786298,0.0000,0.7350,0.0274,OK,
BIPED,RGB_066,GWi,720,1280,0.032891,0.064619,,0.097510,0.0000,4.3095,0.4032,OK,
BIPED,RGB_066,GWi_odps,720,1280,0.032891,0.116731,0.038316,0.187938,0.0000,4.3095,0.1989,OK,
BIPED,RGB_066,GWC,720,1280,0.032891,0.143704,,0.176595,0.0000,4.6540,1.3289,OK,
BIPED,RGB_066,Canny,720,1280,0.032891,0.013523,,0.046414,0.0000,476.8438,55.0252,OK,
BIPED,RGB_066,Sobel,720,1280,0.032891,0.012437,,0.045328,0.0000,921.0049,88.7050,OK,
BIPED,RGB_066,LoG,720,1280,0.032891,0.007018,,0.039909,0.0000,59.0000,3.7961,OK,
BIPED,RGB_066,ED,720,1280,0.032891,0.024935,,0.057826,0.0000,255.0000,51.2393,OK,
BIPED,RGB_066,PC,720,1280,0.032891,1.754052,,1.786943,0.0000,0.6260,0.0292,OK,
BIPED,RGB_067,GWi,720,1280,0.032924,0.068378,,0.101302,0.0000,4.3095,0.3400,OK,
BIPED,RGB_067,GWi_odps,720,1280,0.032924,0.113511,0.038004,0.184439,0.0000,4.3095,0.1688,OK,
BIPED,RGB_067,GWC,720,1280,0.032924,0.143086,,0.176010,0.0000,4.7056,1.2913,OK,
BIPED,RGB_067,Canny,720,1280,0.032924,0.013899,,0.046823,0.0000,456.7450,44.9484,OK,
BIPED,RGB_067,Sobel,720,1280,0.032924,0.012514,,0.045438,0.0000,917.6187,73.6761,OK,
BIPED,RGB_067,LoG,720,1280,0.032924,0.007144,,0.040068,0.0000,48.0000,3.2256,OK,
BIPED,RGB_067,ED,720,1280,0.032924,0.022911,,0.055835,0.0000,255.0000,44.6518,OK,
BIPED,RGB_067,PC,720,1280,0.032924,1.762337,,1.795262,0.0000,0.6318,0.0262,OK,
BIPED,RGB_070,GWi,720,1280,0.033011,0.063825,,0.096836,0.0000,4.3095,0.2979,OK,
BIPED,RGB_070,GWi_odps,720,1280,0.033011,0.113181,0.037534,0.183726,0.0000,4.3095,0.1462,OK,
BIPED,RGB_070,GWC,720,1280,0.033011,0.144784,,0.177795,0.0000,4.8739,1.2854,OK,
BIPED,RGB_070,Canny,720,1280,0.033011,0.013259,,0.046270,0.0000,426.6568,36.8771,OK,
BIPED,RGB_070,Sobel,720,1280,0.033011,0.015016,,0.048027,0.0000,838.4748,64.8677,OK,
BIPED,RGB_070,LoG,720,1280,0.033011,0.007444,,0.040455,0.0000,47.0000,2.8427,OK,
BIPED,RGB_070,ED,720,1280,0.033011,0.021536,,0.054547,0.0000,255.0000,40.8816,OK,
BIPED,RGB_070,PC,720,1280,0.033011,1.748094,,1.781105,0.0000,0.6835,0.0253,OK,
BIPED,RGB_071,GWi,720,1280,0.033579,0.067177,,0.100756,0.0000,4.3095,0.3051,OK,
BIPED,RGB_071,GWi_odps,720,1280,0.033579,0.107841,0.037599,0.179018,0.0000,4.3095,0.1565,OK,
BIPED,RGB_071,GWC,720,1280,0.033579,0.141486,,0.175064,0.0000,4.5850,1.2520,OK,
BIPED,RGB_071,Canny,720,1280,0.033579,0.013491,,0.047070,0.0000,401.1284,40.7746,OK,
BIPED,RGB_071,Sobel,720,1280,0.033579,0.012447,,0.046026,0.0000,728.9691,65.8694,OK,
BIPED,RGB_071,LoG,720,1280,0.033579,0.007781,,0.041359,0.0000,36.0000,3.0043,OK,
BIPED,RGB_071,ED,720,1280,0.033579,0.019429,,0.053007,0.0000,255.0000,40.7242,OK,
BIPED,RGB_071,PC,720,1280,0.033579,1.740415,,1.773994,0.0000,0.7040,0.0331,OK,
BIPED,RGB_075,GWi,720,1280,0.032920,0.067101,,0.100021,0.0000,4.3095,0.3187,OK,
BIPED,RGB_075,GWi_odps,720,1280,0.032920,0.115468,0.038075,0.186462,0.0000,4.3095,0.1563,OK,
BIPED,RGB_075,GWC,720,1280,0.032920,0.143385,,0.176305,0.0000,4.7684,1.2801,OK,
BIPED,RGB_075,Canny,720,1280,0.032920,0.013516,,0.046436,0.0000,487.1242,37.7730,OK,
BIPED,RGB_075,Sobel,720,1280,0.032920,0.012515,,0.045435,0.0000,914.1072,68.6806,OK,
BIPED,RGB_075,LoG,720,1280,0.032920,0.007016,,0.039936,0.0000,44.0000,2.8513,OK,
BIPED,RGB_075,ED,720,1280,0.032920,0.025199,,0.058119,0.0000,255.0000,50.2280,OK,
BIPED,RGB_075,PC,720,1280,0.032920,1.752607,,1.785527,0.0000,0.6358,0.0195,OK,
BIPED,RGB_081,GWi,720,1280,0.033006,0.066640,,0.099646,0.0000,4.3095,0.3010,OK,
BIPED,RGB_081,GWi_odps,720,1280,0.033006,0.118406,0.038641,0.190053,0.0000,4.3095,0.1502,OK,
BIPED,RGB_081,GWC,720,1280,0.033006,0.150596,,0.183602,0.0000,4.6143,1.2675,OK,
BIPED,RGB_081,Canny,720,1280,0.033006,0.014840,,0.047846,0.0000,463.3897,37.4223,OK,
BIPED,RGB_081,Sobel,720,1280,0.033006,0.012543,,0.045549,0.0000,843.1714,64.9695,OK,
BIPED,RGB_081,LoG,720,1280,0.033006,0.007031,,0.040037,0.0000,42.0000,2.8538,OK,
BIPED,RGB_081,ED,720,1280,0.033006,0.022776,,0.055782,0.0000,255.0000,45.9290,OK,
BIPED,RGB_081,PC,720,1280,0.033006,1.749436,,1.782442,0.0000,0.6567,0.0238,OK,
BIPED,RGB_083,GWi,720,1280,0.032331,0.066115,,0.098446,0.0000,4.3095,0.2446,OK,
BIPED,RGB_083,GWi_odps,720,1280,0.032331,0.110489,0.037777,0.180597,0.0000,4.3095,0.1245,OK,
BIPED,RGB_083,GWC,720,1280,0.032331,0.143412,,0.175743,0.0000,4.5918,1.2493,OK,
BIPED,RGB_083,Canny,720,1280,0.032331,0.013363,,0.045694,0.0000,412.5870,34.1475,OK,
BIPED,RGB_083,Sobel,720,1280,0.032331,0.012709,,0.045040,0.0000,778.3110,52.0272,OK,
BIPED,RGB_083,LoG,720,1280,0.032331,0.006971,,0.039302,0.0000,40.0000,2.4142,OK,
BIPED,RGB_083,ED,720,1280,0.032331,0.021023,,0.053354,0.0000,255.0000,41.1608,OK,
BIPED,RGB_083,PC,720,1280,0.032331,1.741316,,1.773647,0.0000,0.6500,0.0288,OK,
BIPED,RGB_090,GWi,720,1280,0.033554,0.064509,,0.098063,0.0000,4.0053,0.3253,OK,
BIPED,RGB_090,GWi_odps,720,1280,0.033554,0.107080,0.037150,0.177784,0.0000,4.0053,0.1741,OK,
BIPED,RGB_090,GWC,720,1280,0.033554,0.143479,,0.177033,0.0000,4.2304,1.2971,OK,
BIPED,RGB_090,Canny,720,1280,0.033554,0.013503,,0.047057,0.0000,406.0370,40.6885,OK,
BIPED,RGB_090,Sobel,720,1280,0.033554,0.012487,,0.046041,0.0000,694.2881,72.4354,OK,
BIPED,RGB_090,LoG,720,1280,0.033554,0.006969,,0.040523,0.0000,25.0000,3.3161,OK,
BIPED,RGB_090,ED,720,1280,0.033554,0.021303,,0.054857,0.0000,255.0000,51.3913,OK,
BIPED,RGB_090,PC,720,1280,0.033554,1.738507,,1.772061,0.0000,0.6272,0.0186,OK,
BIPED,RGB_092,GWi,720,1280,0.032517,0.068824,,0.101341,0.0000,4.3095,0.2524,OK,
BIPED,RGB_092,GWi_odps,720,1280,0.032517,0.111550,0.038296,0.182363,0.0000,4.3095,0.1293,OK,
BIPED,RGB_092,GWC,720,1280,0.032517,0.144112,,0.176629,0.0000,5.2285,1.2370,OK,
BIPED,RGB_092,Canny,720,1280,0.032517,0.013554,,0.046071,0.0000,462.2770,33.9690,OK,
BIPED,RGB_092,Sobel,720,1280,0.032517,0.012573,,0.045090,0.0000,866.8679,54.6120,OK,
BIPED,RGB_092,LoG,720,1280,0.032517,0.007531,,0.040048,0.0000,51.0000,2.4874,OK,
BIPED,RGB_092,ED,720,1280,0.032517,0.020962,,0.053479,0.0000,255.0000,43.7725,OK,
BIPED,RGB_092,PC,720,1280,0.032517,1.749245,,1.781762,0.0000,0.6947,0.0231,OK,
BIPED,RGB_094,GWi,720,1280,0.038013,0.064568,,0.102582,0.0000,4.3095,0.2722,OK,
BIPED,RGB_094,GWi_odps,720,1280,0.038013,0.113029,0.038127,0.189169,0.0000,4.3095,0.1360,OK,
BIPED,RGB_094,GWC,720,1280,0.038013,0.142513,,0.180526,0.0085,4.5850,1.2297,OK,
BIPED,RGB_094,Canny,720,1280,0.038013,0.013919,,0.051932,0.0000,425.7346,37.5751,OK,
BIPED,RGB_094,Sobel,720,1280,0.038013,0.012534,,0.050548,0.0000,757.6516,58.4534,OK,
BIPED,RGB_094,LoG,720,1280,0.038013,0.007116,,0.045130,0.0000,39.0000,2.6479,OK,
BIPED,RGB_094,ED,720,1280,0.038013,0.020966,,0.058979,0.0000,255.0000,40.2253,OK,
BIPED,RGB_094,PC,720,1280,0.038013,1.751015,,1.789028,0.0000,0.6577,0.0294,OK,
BIPED,RGB_098,GWi,720,1280,0.032015,0.063161,,0.095176,0.0000,4.3095,0.2575,OK,
BIPED,RGB_098,GWi_odps,720,1280,0.032015,0.110034,0.037907,0.179956,0.0000,4.3095,0.1292,OK,
BIPED,RGB_098,GWC,720,1280,0.032015,0.143272,,0.175287,0.0000,4.5954,1.2253,OK,
BIPED,RGB_098,Canny,720,1280,0.032015,0.013740,,0.045755,0.0000,412.3930,36.9382,OK,
BIPED,RGB_098,Sobel,720,1280,0.032015,0.012537,,0.044552,0.0000,702.6407,55.5833,OK,
BIPED,RGB_098,LoG,720,1280,0.032015,0.007018,,0.039033,0.0000,40.0000,2.5417,OK,
BIPED,RGB_098,ED,720,1280,0.032015,0.020248,,0.052263,0.0000,255.0000,40.7377,OK,
BIPED,RGB_098,PC,720,1280,0.032015,1.754946,,1.786961,0.0000,0.7004,0.0317,OK,
BIPED,RGB_102,GWi,720,1280,0.033339,0.065258,,0.098597,0.0000,4.3095,0.3015,OK,
BIPED,RGB_102,GWi_odps,720,1280,0.033339,0.112458,0.038023,0.183820,0.0000,4.3095,0.1503,OK,
BIPED,RGB_102,GWC,720,1280,0.033339,0.143884,,0.177223,0.0000,4.5850,1.2620,OK,
BIPED,RGB_102,Canny,720,1280,0.033339,0.013459,,0.046798,0.0000,430.6693,41.4016,OK,
BIPED,RGB_102,Sobel,720,1280,0.033339,0.012657,,0.045996,0.0000,801.3638,65.7239,OK,
BIPED,RGB_102,LoG,720,1280,0.033339,0.007137,,0.040476,0.0000,51.0000,2.9387,OK,
BIPED,RGB_102,ED,720,1280,0.033339,0.023602,,0.056941,0.0000,255.0000,41.4231,OK,
BIPED,RGB_102,PC,720,1280,0.033339,1.735178,,1.768517,0.0000,0.6258,0.0288,OK,
BIPED,RGB_107,GWi,720,1280,0.033882,0.064928,,0.098810,0.0000,4.3095,0.4404,OK,
BIPED,RGB_107,GWi_odps,720,1280,0.033882,0.108653,0.037577,0.180112,0.0000,4.3095,0.2352,OK,
BIPED,RGB_107,GWC,720,1280,0.033882,0.143263,,0.177145,0.0000,4.5882,1.3660,OK,
BIPED,RGB_107,Canny,720,1280,0.033882,0.013553,,0.047435,0.0000,474.0169,66.1925,OK,
BIPED,RGB_107,Sobel,720,1280,0.033882,0.012388,,0.046270,0.0000,888.9061,95.2278,OK,
BIPED,RGB_107,LoG,720,1280,0.033882,0.006947,,0.040829,0.0000,49.0000,4.5167,OK,
BIPED,RGB_107,ED,720,1280,0.033882,0.021192,,0.055075,0.0000,255.0000,47.3750,OK,
BIPED,RGB_107,PC,720,1280,0.033882,1.761180,,1.795062,0.0000,0.6519,0.0377,OK,
BIPED,RGB_111,GWi,720,1280,0.032752,0.063982,,0.096734,0.0000,4.1850,0.2734,OK,
BIPED,RGB_111,GWi_odps,720,1280,0.032752,0.114276,0.036772,0.183800,0.0000,4.1850,0.1437,OK,
BIPED,RGB_111,GWC,720,1280,0.032752,0.149631,,0.182383,0.0000,4.4590,1.2213,OK,
BIPED,RGB_111,Canny,720,1280,0.032752,0.013317,,0.046068,0.0000,426.1173,40.8599,OK,
BIPED,RGB_111,Sobel,720,1280,0.032752,0.012606,,0.045358,0.0000,742.1725,59.2093,OK,
BIPED,RGB_111,LoG,720,1280,0.032752,0.006969,,0.039721,0.0000,39.0000,2.9365,OK,
BIPED,RGB_111,ED,720,1280,0.032752,0.017779,,0.050530,0.0000,255.0000,33.4051,OK,
BIPED,RGB_111,PC,720,1280,0.032752,1.756575,,1.789327,0.0000,0.6753,0.0338,OK,
BIPED,RGB_120,GWi,720,1280,0.033034,0.063180,,0.096214,0.0000,4.3095,0.3295,OK,
BIPED,RGB_120,GWi_odps,720,1280,0.033034,0.114361,0.036746,0.184141,0.0000,4.3095,0.1603,OK,
BIPED,RGB_120,GWC,720,1280,0.033034,0.143646,,0.176680,0.0035,4.5899,1.2650,OK,
BIPED,RGB_120,Canny,720,1280,0.033034,0.013888,,0.046922,0.0000,399.4396,40.6329,OK,
BIPED,RGB_120,Sobel,720,1280,0.033034,0.012549,,0.045583,0.0000,757.7150,71.4724,OK,
BIPED,RGB_120,LoG,720,1280,0.033034,0.007180,,0.040214,0.0000,40.0000,2.9745,OK,
BIPED,RGB_120,ED,720,1280,0.033034,0.024474,,0.057508,0.0000,255.0000,51.9980,OK,
BIPED,RGB_120,PC,720,1280,0.033034,1.746278,,1.779312,0.0000,0.5904,0.0223,OK,
BIPED,RGB_124,GWi,720,1280,0.034103,0.063378,,0.097482,0.0000,4.3095,0.3542,OK,
BIPED,RGB_124,GWi_odps,720,1280,0.034103,0.113257,0.040261,0.187622,0.0000,4.3095,0.1784,OK,
BIPED,RGB_124,GWC,720,1280,0.034103,0.142715,,0.176818,0.0000,4.7202,1.3036,OK,
BIPED,RGB_124,Canny,720,1280,0.034103,0.013552,,0.047655,0.0000,465.5148,46.9784,OK,
BIPED,RGB_124,Sobel,720,1280,0.034103,0.012589,,0.046692,0.0000,871.0867,76.7704,OK,
BIPED,RGB_124,LoG,720,1280,0.034103,0.007237,,0.041340,0.0000,48.0000,3.3400,OK,
BIPED,RGB_124,ED,720,1280,0.034103,0.023210,,0.057313,0.0000,255.0000,48.6412,OK,
BIPED,RGB_124,PC,720,1280,0.034103,1.754420,,1.788523,0.0000,0.6210,0.0269,OK,
BIPED,RGB_132,GWi,720,1280,0.034606,0.063975,,0.098581,0.0000,4.3095,0.3131,OK,
BIPED,RGB_132,GWi_odps,720,1280,0.034606,0.115959,0.037804,0.188369,0.0000,4.3095,0.1560,OK,
BIPED,RGB_132,GWC,720,1280,0.034606,0.143964,,0.178570,0.0000,4.5850,1.2836,OK,
BIPED,RGB_132,Canny,720,1280,0.034606,0.013313,,0.047919,0.0000,437.0927,43.3773,OK,
BIPED,RGB_132,Sobel,720,1280,0.034606,0.012397,,0.047003,0.0000,835.3490,67.5348,OK,
BIPED,RGB_132,LoG,720,1280,0.034606,0.007073,,0.041679,0.0000,46.0000,3.0138,OK,
BIPED,RGB_132,ED,720,1280,0.034606,0.021445,,0.056051,0.0000,255.0000,40.8462,OK,
BIPED,RGB_132,PC,720,1280,0.034606,1.752028,,1.786634,0.0000,0.6399,0.0352,OK,
BIPED,RGB_138,GWi,720,1280,0.037241,0.063052,,0.100294,0.0000,4.2799,0.3556,OK,
BIPED,RGB_138,GWi_odps,720,1280,0.037241,0.113515,0.037747,0.188504,0.0000,4.2799,0.1777,OK,
BIPED,RGB_138,GWC,720,1280,0.037241,0.143314,,0.180555,0.0064,4.7343,1.3358,OK,
BIPED,RGB_138,Canny,720,1280,0.037241,0.013463,,0.050705,0.0000,466.4354,46.6525,OK,
BIPED,RGB_138,Sobel,720,1280,0.037241,0.012568,,0.049810,0.0000,906.2671,77.3965,OK,
BIPED,RGB_138,LoG,720,1280,0.037241,0.007067,,0.044309,0.0000,42.0000,3.4104,OK,
BIPED,RGB_138,ED,720,1280,0.037241,0.022534,,0.059775,0.0000,255.0000,45.1690,OK,
BIPED,RGB_138,PC,720,1280,0.037241,1.752744,,1.789986,0.0000,0.6697,0.0325,OK,
BIPED,RGB_139,GWi,720,1280,0.036069,0.063704,,0.099773,0.0000,4.1062,0.3949,OK,
BIPED,RGB_139,GWi_odps,720,1280,0.036069,0.109579,0.038156,0.183805,0.0000,4.1062,0.2026,OK,
BIPED,RGB_139,GWC,720,1280,0.036069,0.144020,,0.180090,0.0000,4.4569,1.3108,OK,
BIPED,RGB_139,Canny,720,1280,0.036069,0.013467,,0.049537,0.0000,471.6630,52.1705,OK,
BIPED,RGB_139,Sobel,720,1280,0.036069,0.012436,,0.048506,0.0000,895.4072,86.1596,OK,
BIPED,RGB_139,LoG,720,1280,0.036069,0.006990,,0.043059,0.0000,50.0000,4.0605,OK,
BIPED,RGB_139,ED,720,1280,0.036069,0.020673,,0.056743,0.0000,255.0000,44.6607,OK,
BIPED,RGB_139,PC,720,1280,0.036069,1.748402,,1.784471,0.0000,0.7198,0.0296,OK,
BIPED,RGB_141,GWi,720,1280,0.034854,0.063851,,0.098705,0.0000,4.3095,0.3033,OK,
BIPED,RGB_141,GWi_odps,720,1280,0.034854,0.112066,0.038503,0.185423,0.0000,4.3095,0.1539,OK,
BIPED,RGB_141,GWC,720,1280,0.034854,0.143385,,0.178239,0.0000,4.5952,1.2360,OK,
BIPED,RGB_141,Canny,720,1280,0.034854,0.013496,,0.048350,0.0000,440.9648,42.0755,OK,
BIPED,RGB_141,Sobel,720,1280,0.034854,0.012342,,0.047197,0.0000,860.0093,63.9444,OK,
BIPED,RGB_141,LoG,720,1280,0.034854,0.007050,,0.041904,0.0000,43.0000,2.8203,OK,
BIPED,RGB_141,ED,720,1280,0.034854,0.021359,,0.056214,0.0000,255.0000,43.0019,OK,
BIPED,RGB_141,PC,720,1280,0.034854,1.757284,,1.792138,0.0000,0.6906,0.0322,OK,
BIPED,RGB_145,GWi,720,1280,0.033567,0.063872,,0.097439,0.0000,4.3095,0.3330,OK,
BIPED,RGB_145,GWi_odps,720,1280,0.033567,0.106967,0.037059,0.177593,0.0000,4.3095,0.1736,OK,
BIPED,RGB_145,GWC,720,1280,0.033567,0.142970,,0.176537,0.0000,4.5907,1.2666,OK,
BIPED,RGB_145,Canny,720,1280,0.033567,0.013486,,0.047053,0.0000,440.1136,47.1847,OK,
BIPED,RGB_145,Sobel,720,1280,0.033567,0.012522,,0.046089,0.0000,777.4690,72.3282,OK,
BIPED,RGB_145,LoG,720,1280,0.033567,0.007053,,0.040620,0.0000,43.0000,3.2764,OK,
BIPED,RGB_145,ED,720,1280,0.033567,0.021417,,0.054984,0.0000,255.0000,47.0422,OK,
BIPED,RGB_145,PC,720,1280,0.033567,1.739940,,1.773507,0.0000,0.7279,0.0352,OK,
BIPED,RGB_160,GWi,720,1280,0.032668,0.065893,,0.098561,0.0000,4.3095,0.3770,OK,
BIPED,RGB_160,GWi_odps,720,1280,0.032668,0.116203,0.036952,0.185823,0.0000,4.3095,0.1878,OK,
BIPED,RGB_160,GWC,720,1280,0.032668,0.142925,,0.175593,0.0000,5.1450,1.3270,OK,
BIPED,RGB_160,Canny,720,1280,0.032668,0.013554,,0.046222,0.0000,457.0886,47.3587,OK,
BIPED,RGB_160,Sobel,720,1280,0.032668,0.012352,,0.045020,0.0000,959.7354,82.0235,OK,
BIPED,RGB_160,LoG,720,1280,0.032668,0.007355,,0.040023,0.0000,46.0000,3.5217,OK,
BIPED,RGB_160,ED,720,1280,0.032668,0.023708,,0.056377,0.0000,255.0000,47.8429,OK,
BIPED,RGB_160,PC,720,1280,0.032668,1.734270,,1.766938,0.0000,0.6110,0.0253,OK,
BIPED,RGB_170,GWi,720,1280,0.033060,0.066104,,0.099164,0.0000,4.3095,0.2980,OK,
BIPED,RGB_170,GWi_odps,720,1280,0.033060,0.107728,0.037387,0.178174,0.0000,4.3095,0.1553,OK,
BIPED,RGB_170,GWC,720,1280,0.033060,0.140497,,0.173556,0.0000,4.6431,1.2754,OK,
BIPED,RGB_170,Canny,720,1280,0.033060,0.013747,,0.046807,0.0000,467.3864,44.4619,OK,
BIPED,RGB_170,Sobel,720,1280,0.033060,0.012476,,0.045535,0.0000,912.5130,63.2499,OK,
BIPED,RGB_170,LoG,720,1280,0.033060,0.007353,,0.040412,0.0000,50.0000,3.0558,OK,
BIPED,RGB_170,ED,720,1280,0.033060,0.018272,,0.051331,0.0000,255.0000,32.2643,OK,
BIPED,RGB_170,PC,720,1280,0.033060,1.751699,,1.784759,0.0000,0.7101,0.0407,OK,
BIPED,RGB_181,GWi,720,1280,0.034573,0.063130,,0.097703,0.0000,4.3095,0.3117,OK,
BIPED,RGB_181,GWi_odps,720,1280,0.034573,0.111850,0.037068,0.183491,0.0000,4.3095,0.1559,OK,
BIPED,RGB_181,GWC,720,1280,0.034573,0.143427,,0.178000,0.0000,4.6607,1.2778,OK,
BIPED,RGB_181,Canny,720,1280,0.034573,0.013428,,0.048002,0.0000,438.3469,41.5335,OK,
BIPED,RGB_181,Sobel,720,1280,0.034573,0.012572,,0.047145,0.0000,824.9861,67.8141,OK,
BIPED,RGB_181,LoG,720,1280,0.034573,0.006954,,0.041527,0.0000,48.0000,3.0224,OK,
BIPED,RGB_181,ED,720,1280,0.034573,0.021282,,0.055855,0.0000,255.0000,41.4217,OK,
BIPED,RGB_181,PC,720,1280,0.034573,1.740927,,1.775500,0.0000,0.6439,0.0336,OK,
BIPED,RGB_182,GWi,720,1280,0.033083,0.064623,,0.097706,0.0000,4.3095,0.3538,OK,
BIPED,RGB_182,GWi_odps,720,1280,0.033083,0.110665,0.037711,0.181460,0.0000,4.3095,0.1773,OK,
BIPED,RGB_182,GWC,720,1280,0.033083,0.144186,,0.177269,0.0000,4.7391,1.2848,OK,
BIPED,RGB_182,Canny,720,1280,0.033083,0.013646,,0.046729,0.0000,461.7878,48.8659,OK,
BIPED,RGB_182,Sobel,720,1280,0.033083,0.012830,,0.045913,0.0000,898.6434,76.8664,OK,
BIPED,RGB_182,LoG,720,1280,0.033083,0.007082,,0.040165,0.0000,57.0000,3.3738,OK,
BIPED,RGB_182,ED,720,1280,0.033083,0.022001,,0.055084,0.0000,255.0000,48.7804,OK,
BIPED,RGB_182,PC,720,1280,0.033083,1.743565,,1.776648,0.0000,0.6703,0.0271,OK,
BIPED,RGB_190,GWi,720,1280,0.036603,0.063822,,0.100424,0.0000,4.3095,0.2762,OK,
BIPED,RGB_190,GWi_odps,720,1280,0.036603,0.113370,0.037443,0.187415,0.0000,4.3095,0.1392,OK,
BIPED,RGB_190,GWC,720,1280,0.036603,0.146072,,0.182675,0.0000,4.5990,1.2280,OK,
BIPED,RGB_190,Canny,720,1280,0.036603,0.013634,,0.050237,0.0000,443.4411,38.1668,OK,
BIPED,RGB_190,Sobel,720,1280,0.036603,0.012468,,0.049071,0.0000,787.2839,59.7666,OK,
BIPED,RGB_190,LoG,720,1280,0.036603,0.006938,,0.043541,0.0000,44.0000,2.7249,OK,
BIPED,RGB_190,ED,720,1280,0.036603,0.021867,,0.058469,0.0000,255.0000,42.3019,OK,
BIPED,RGB_190,PC,720,1280,0.036603,1.748935,,1.785537,0.0000,0.7201,0.0279,OK,
BIPED,RGB_192,GWi,720,1280,0.032356,0.063944,,0.096300,0.0000,4.3095,0.3188,OK,
BIPED,RGB_192,GWi_odps,720,1280,0.032356,0.114719,0.038034,0.185108,0.0000,4.3095,0.1568,OK,
BIPED,RGB_192,GWC,720,1280,0.032356,0.143709,,0.176064,0.0039,4.6796,1.2747,OK,
BIPED,RGB_192,Canny,720,1280,0.032356,0.014140,,0.046496,0.0000,422.9066,40.4705,OK,
BIPED,RGB_192,Sobel,720,1280,0.032356,0.012593,,0.044949,0.0000,730.2999,69.0773,OK,
BIPED,RGB_192,LoG,720,1280,0.032356,0.006991,,0.039347,0.0000,44.0000,3.0276,OK,
BIPED,RGB_192,ED,720,1280,0.032356,0.023205,,0.055560,0.0000,255.0000,43.2407,OK,
BIPED,RGB_192,PC,720,1280,0.032356,1.743156,,1.775511,0.0000,0.6612,0.0250,OK,
BIPED,RGB_206,GWi,720,1280,0.036963,0.063817,,0.100780,0.0000,4.3095,0.3438,OK,
BIPED,RGB_206,GWi_odps,720,1280,0.036963,0.112925,0.037187,0.187075,0.0000,4.3095,0.1717,OK,
BIPED,RGB_206,GWC,720,1280,0.036963,0.140806,,0.177769,0.0000,4.5954,1.2968,OK,
BIPED,RGB_206,Canny,720,1280,0.036963,0.014036,,0.050999,0.0000,472.5273,51.2886,OK,
BIPED,RGB_206,Sobel,720,1280,0.036963,0.012827,,0.049790,0.0000,927.8836,74.3933,OK,
BIPED,RGB_206,LoG,720,1280,0.036963,0.007028,,0.043991,0.0000,57.0000,3.3829,OK,
BIPED,RGB_206,ED,720,1280,0.036963,0.020669,,0.057633,0.0000,255.0000,40.5939,OK,
BIPED,RGB_206,PC,720,1280,0.036963,1.746362,,1.783325,0.0000,0.6992,0.0373,OK,
BIPED,RGB_212,GWi,720,1280,0.031983,0.064559,,0.096542,0.0000,5.0737,0.6020,OK,
BIPED,RGB_212,GWi_odps,720,1280,0.031983,0.122534,0.038263,0.192780,0.0000,5.0737,0.2846,OK,
BIPED,RGB_212,GWC,720,1280,0.031983,0.143511,,0.175494,0.0000,5.3323,1.4811,OK,
BIPED,RGB_212,Canny,720,1280,0.031983,0.013565,,0.045549,0.0000,526.8017,70.8771,OK,
BIPED,RGB_212,Sobel,720,1280,0.031983,0.012939,,0.044923,0.0000,1133.2449,137.0249,OK,
BIPED,RGB_212,LoG,720,1280,0.031983,0.007006,,0.038989,0.0000,63.0000,5.4594,OK,
BIPED,RGB_212,ED,720,1280,0.031983,0.029760,,0.061743,0.0000,255.0000,59.5777,OK,
BIPED,RGB_212,PC,720,1280,0.031983,1.762005,,1.793988,0.0000,0.5070,0.0113,OK,
BIPED,RGB_214,GWi,720,1280,0.031647,0.063940,,0.095587,0.0000,4.3095,0.1514,OK,
BIPED,RGB_214,GWi_odps,720,1280,0.031647,0.109567,0.037735,0.178948,0.0000,4.3095,0.0795,OK,
BIPED,RGB_214,GWC,720,1280,0.031647,0.140931,,0.172578,0.0000,4.5850,1.1798,OK,
BIPED,RGB_214,Canny,720,1280,0.031647,0.014066,,0.045713,0.0000,318.1006,21.6258,OK,
BIPED,RGB_214,Sobel,720,1280,0.031647,0.012471,,0.044117,0.0000,514.6591,31.4774,OK,
BIPED,RGB_214,LoG,720,1280,0.031647,0.007786,,0.039432,0.0000,27.0000,1.6118,OK,
BIPED,RGB_214,ED,720,1280,0.031647,0.016647,,0.048294,0.0000,255.0000,26.8353,OK,
BIPED,RGB_214,PC,720,1280,0.031647,1.759209,,1.790855,0.0000,0.6613,0.0308,OK,
BIPED,RGB_226,GWi,720,1280,0.032511,0.064638,,0.097148,0.0000,4.3095,0.3074,OK,
BIPED,RGB_226,GWi_odps,720,1280,0.032511,0.114057,0.037471,0.184039,0.0000,4.3095,0.1529,OK,
BIPED,RGB_226,GWC,720,1280,0.032511,0.142562,,0.175073,0.0000,4.7283,1.2869,OK,
BIPED,RGB_226,Canny,720,1280,0.032511,0.013290,,0.045800,0.0000,476.0378,39.1126,OK,
BIPED,RGB_226,Sobel,720,1280,0.032511,0.012615,,0.045126,0.0000,922.6267,66.8841,OK,
BIPED,RGB_226,LoG,720,1280,0.032511,0.008109,,0.040620,0.0000,47.0000,2.8072,OK,
BIPED,RGB_226,ED,720,1280,0.032511,0.025032,,0.057542,0.0000,255.0000,50.1879,OK,
BIPED,RGB_226,PC,720,1280,0.032511,1.756876,,1.789387,0.0000,0.6720,0.0220,OK,
BIPED,RGB_228,GWi,720,1280,0.032408,0.067709,,0.100117,0.0000,4.3095,0.2726,OK,
BIPED,RGB_228,GWi_odps,720,1280,0.032408,0.106615,0.038794,0.177817,0.0000,4.3095,0.1422,OK,
BIPED,RGB_228,GWC,720,1280,0.032408,0.142186,,0.174594,0.0000,4.5850,1.2686,OK,
BIPED,RGB_228,Canny,720,1280,0.032408,0.013345,,0.045753,0.0000,427.1417,34.5239,OK,
BIPED,RGB_228,Sobel,720,1280,0.032408,0.012298,,0.044706,0.0000,783.3377,58.8593,OK,
BIPED,RGB_228,LoG,720,1280,0.032408,0.006974,,0.039382,0.0000,41.0000,2.6521,OK,
BIPED,RGB_228,ED,720,1280,0.032408,0.019166,,0.051574,0.0000,255.0000,41.2067,OK,
BIPED,RGB_228,PC,720,1280,0.032408,1.739599,,1.772007,0.0000,0.7024,0.0314,OK,
BIPED,RGB_234,GWi,720,1280,0.033091,0.064139,,0.097230,0.0000,4.3095,0.4746,OK,
BIPED,RGB_234,GWi_odps,720,1280,0.033091,0.110206,0.037534,0.180831,0.0000,4.3095,0.2547,OK,
BIPED,RGB_234,GWC,720,1280,0.033091,0.144692,,0.177783,0.0000,4.5850,1.3748,OK,
BIPED,RGB_234,Canny,720,1280,0.033091,0.013387,,0.046478,0.0000,455.4821,62.9165,OK,
BIPED,RGB_234,Sobel,720,1280,0.033091,0.012438,,0.045529,0.0000,896.4128,104.9360,OK,
BIPED,RGB_234,LoG,720,1280,0.033091,0.006995,,0.040086,0.0000,44.0000,4.7914,OK,
BIPED,RGB_234,ED,720,1280,0.033091,0.020208,,0.053299,0.0000,255.0000,46.4437,OK,
BIPED,RGB_234,PC,720,1280,0.033091,1.746443,,1.779534,0.0000,0.6318,0.0275,OK,
BIPED,RGB_237,GWi,720,1280,0.032183,0.063370,,0.095553,0.0000,4.3095,0.3348,OK,
BIPED,RGB_237,GWi_odps,720,1280,0.032183,0.109879,0.036504,0.178566,0.0000,4.3095,0.1732,OK,
BIPED,RGB_237,GWC,720,1280,0.032183,0.142259,,0.174441,0.0000,4.9092,1.3238,OK,
BIPED,RGB_237,Canny,720,1280,0.032183,0.013726,,0.045909,0.0000,464.0172,47.9969,OK,
BIPED,RGB_237,Sobel,720,1280,0.032183,0.012298,,0.044480,0.0000,910.5888,71.4747,OK,
BIPED,RGB_237,LoG,720,1280,0.032183,0.007156,,0.039339,0.0000,54.0000,3.3380,OK,
BIPED,RGB_237,ED,720,1280,0.032183,0.020284,,0.052466,0.0000,255.0000,38.4506,OK,
BIPED,RGB_237,PC,720,1280,0.032183,1.746301,,1.778483,0.0000,0.7027,0.0382,OK,
BIPED,RGB_247,GWi,720,1280,0.037267,0.064447,,0.101714,0.0000,4.3095,0.3140,OK,
BIPED,RGB_247,GWi_odps,720,1280,0.037267,0.114467,0.040026,0.191760,0.0000,4.3095,0.1518,OK,
BIPED,RGB_247,GWC,720,1280,0.037267,0.142933,,0.180201,0.0000,4.8041,1.2480,OK,
BIPED,RGB_247,Canny,720,1280,0.037267,0.013408,,0.050675,0.0000,448.0714,39.1954,OK,
BIPED,RGB_247,Sobel,720,1280,0.037267,0.012513,,0.049780,0.0000,841.3715,69.7120,OK,
BIPED,RGB_247,LoG,720,1280,0.037267,0.007141,,0.044408,0.0000,44.0000,2.9481,OK,
BIPED,RGB_247,ED,720,1280,0.037267,0.024243,,0.061511,0.0000,255.0000,49.3645,OK,
BIPED,RGB_247,PC,720,1280,0.037267,1.749145,,1.786413,0.0000,0.6046,0.0215,OK,
BIPED,RGB_248,GWi,720,1280,0.032733,0.064545,,0.097278,0.0000,4.3095,0.2592,OK,
BIPED,RGB_248,GWi_odps,720,1280,0.032733,0.116712,0.038926,0.188371,0.0000,4.3095,0.1298,OK,
BIPED,RGB_248,GWC,720,1280,0.032733,0.143642,,0.176375,0.0000,4.5913,1.2229,OK,
BIPED,RGB_248,Canny,720,1280,0.032733,0.013195,,0.045929,0.0000,406.1773,34.2240,OK,
BIPED,RGB_248,Sobel,720,1280,0.032733,0.012399,,0.045132,0.0000,685.0007,56.0515,OK,
BIPED,RGB_248,LoG,720,1280,0.032733,0.006965,,0.039698,0.0000,35.0000,2.4809,OK,
BIPED,RGB_248,ED,720,1280,0.032733,0.022667,,0.055400,0.0000,255.0000,43.8657,OK,
BIPED,RGB_248,PC,720,1280,0.032733,1.757408,,1.790141,0.0000,0.6906,0.0277,OK,
BIPED,RGB_254,GWi,720,1280,0.033485,0.063692,,0.097178,0.0000,4.3095,0.2344,OK,
BIPED,RGB_254,GWi_odps,720,1280,0.033485,0.107870,0.037706,0.179062,0.0000,4.3095,0.1259,OK,
BIPED,RGB_254,GWC,720,1280,0.033485,0.143017,,0.176503,0.0000,5.4881,1.2685,OK,
BIPED,RGB_254,Canny,720,1280,0.033485,0.013477,,0.046962,0.0000,458.7330,31.9590,OK,
BIPED,RGB_254,Sobel,720,1280,0.033485,0.012451,,0.045937,0.0000,940.3936,49.1763,OK,
BIPED,RGB_254,LoG,720,1280,0.033485,0.006975,,0.040460,0.0000,56.0000,2.4600,OK,
BIPED,RGB_254,ED,720,1280,0.033485,0.018681,,0.052166,0.0000,255.0000,32.7189,OK,
BIPED,RGB_254,PC,720,1280,0.033485,1.746257,,1.779742,0.0000,0.7403,0.0312,OK,
UDED,01-0843x4,GWi,339,510,0.013307,0.012398,,0.025705,0.0000,4.9112,0.0899,OK,
UDED,01-0843x4,GWi_odps,339,510,0.013307,0.014427,0.007660,0.035394,0.0000,4.9112,0.0567,OK,
UDED,01-0843x4,GWC,339,510,0.013307,0.028969,,0.042277,0.0000,5.7111,0.4647,OK,
UDED,01-0843x4,Canny,339,510,0.013307,0.002581,,0.015888,0.0000,516.1957,12.8901,OK,
UDED,01-0843x4,Sobel,339,510,0.013307,0.002427,,0.015734,0.0000,1110.4423,17.1420,OK,
UDED,01-0843x4,LoG,339,510,0.013307,0.001602,,0.014910,0.0000,46.0000,0.9934,OK,
UDED,01-0843x4,ED,339,510,0.013307,0.002365,,0.015673,0.0000,255.0000,5.6858,OK,
UDED,01-0843x4,PC,339,510,0.013307,0.359933,,0.373240,0.0000,0.8600,0.0164,OK,
UDED,02-0868x4,GWi,339,510,0.007048,0.012209,,0.019257,0.0000,4.7008,0.2479,OK,
UDED,02-0868x4,GWi_odps,339,510,0.007048,0.017824,0.006622,0.031494,0.0000,4.7008,0.1231,OK,
UDED,02-0868x4,GWC,339,510,0.007048,0.027341,,0.034390,0.0082,6.3787,1.0259,OK,
UDED,02-0868x4,Canny,339,510,0.007048,0.002758,,0.009806,0.0000,387.2880,18.8602,OK,
UDED,02-0868x4,Sobel,339,510,0.007048,0.002368,,0.009416,0.0000,1056.9929,49.4758,OK,
UDED,02-0868x4,LoG,339,510,0.007048,0.001411,,0.008459,0.0000,41.0000,1.6938,OK,
UDED,02-0868x4,ED,339,510,0.007048,0.003839,,0.010887,0.0000,255.0000,28.7227,OK,
UDED,02-0868x4,PC,339,510,0.007048,0.378399,,0.385447,0.0000,0.7097,0.0271,OK,
UDED,03-35028,GWi,321,481,0.008481,0.012056,,0.020537,0.0000,5.3292,0.5774,OK,
UDED,03-35028,GWi_odps,321,481,0.008481,0.021287,0.006732,0.036501,0.0000,5.3292,0.2883,OK,
UDED,03-35028,GWC,321,481,0.008481,0.026170,,0.034651,0.0000,6.6961,1.4810,OK,
UDED,03-35028,Canny,321,481,0.008481,0.002795,,0.011276,0.0000,496.9547,71.7078,OK,
UDED,03-35028,Sobel,321,481,0.008481,0.002120,,0.010601,0.0000,1105.4240,119.4508,OK,
UDED,03-35028,LoG,321,481,0.008481,0.001345,,0.009826,0.0000,56.0000,5.0997,OK,
UDED,03-35028,ED,321,481,0.008481,0.004257,,0.012738,0.0000,255.0000,46.5355,OK,
UDED,03-35028,PC,321,481,0.008481,0.336407,,0.344888,0.0000,0.5852,0.0401,OK,
UDED,04-0896x4,GWi,339,510,0.008173,0.012325,,0.020499,0.0000,4.8632,0.2083,OK,
UDED,04-0896x4,GWi_odps,339,510,0.008173,0.022441,0.006841,0.037455,0.0000,4.8632,0.1158,OK,
UDED,04-0896x4,GWC,339,510,0.008173,0.027323,,0.035497,0.0082,5.4884,1.1885,OK,
UDED,04-0896x4,Canny,339,510,0.008173,0.002723,,0.010897,0.0000,455.2670,25.6389,OK,
UDED,04-0896x4,Sobel,339,510,0.008173,0.002294,,0.010467,0.0000,1002.2584,37.7329,OK,
UDED,04-0896x4,LoG,339,510,0.008173,0.001357,,0.009530,0.0000,55.0000,2.0861,OK,
UDED,04-0896x4,ED,339,510,0.008173,0.002715,,0.010889,0.0000,255.0000,12.1032,OK,
UDED,04-0896x4,PC,339,510,0.008173,0.355811,,0.363985,0.0000,0.7231,0.0314,OK,
UDED,05-WIREFRAME-2,GWi,332,500,0.007904,0.011779,,0.019683,0.0000,5.0127,0.4913,OK,
UDED,05-WIREFRAME-2,GWi_odps,332,500,0.007904,0.020995,0.006505,0.035404,0.0000,5.0127,0.2411,OK,
UDED,05-WIREFRAME-2,GWC,332,500,0.007904,0.026105,,0.034009,0.0000,6.6315,1.4315,OK,
UDED,05-WIREFRAME-2,Canny,332,500,0.007904,0.002699,,0.010603,0.0000,459.6194,45.6326,OK,
UDED,05-WIREFRAME-2,Sobel,332,500,0.007904,0.002200,,0.010104,0.0000,1080.3926,106.9383,OK,
UDED,05-WIREFRAME-2,LoG,332,500,0.007904,0.001281,,0.009185,0.0000,47.0000,3.5534,OK,
UDED,05-WIREFRAME-2,ED,332,500,0.007904,0.004296,,0.012200,0.0000,255.0000,40.7048,OK,
UDED,05-WIREFRAME-2,PC,332,500,0.007904,0.327510,,0.335414,0.0000,0.6620,0.0316,OK,
UDED,06-elephant_3,GWi,512,512,0.011590,0.017728,,0.029318,0.0000,4.7314,0.4396,OK,
UDED,06-elephant_3,GWi_odps,512,512,0.011590,0.033721,0.010868,0.056179,0.0000,4.7314,0.2110,OK,
UDED,06-elephant_3,GWC,512,512,0.011590,0.039894,,0.051483,0.0000,5.4152,1.3024,OK,
UDED,06-elephant_3,Canny,512,512,0.011590,0.003750,,0.015340,0.0000,516.2712,49.2303,OK,
UDED,06-elephant_3,Sobel,512,512,0.011590,0.003433,,0.015022,0.0000,1060.2311,93.0729,OK,
UDED,06-elephant_3,LoG,512,512,0.011590,0.001887,,0.013476,0.0000,55.0000,3.5205,OK,
UDED,06-elephant_3,ED,512,512,0.011590,0.007490,,0.019080,0.0000,255.0000,52.1334,OK,
UDED,06-elephant_3,PC,512,512,0.011590,0.476121,,0.487711,0.0000,0.5975,0.0263,OK,
UDED,07-CITYSCAPES-2C,GWi,720,720,0.023301,0.035461,,0.058762,0.0000,4.3095,0.3017,OK,
UDED,07-CITYSCAPES-2C,GWi_odps,720,720,0.023301,0.065585,0.021279,0.110165,0.0000,4.3095,0.1521,OK,
UDED,07-CITYSCAPES-2C,GWC,720,720,0.023301,0.079893,,0.103194,0.0000,4.5875,1.2267,OK,
UDED,07-CITYSCAPES-2C,Canny,720,720,0.023301,0.007577,,0.030878,0.0000,414.3911,39.8558,OK,
UDED,07-CITYSCAPES-2C,Sobel,720,720,0.023301,0.006879,,0.030181,0.0000,815.9865,63.7358,OK,
UDED,07-CITYSCAPES-2C,LoG,720,720,0.023301,0.003899,,0.027200,0.0000,48.0000,2.8437,OK,
UDED,07-CITYSCAPES-2C,ED,720,720,0.023301,0.013205,,0.036506,0.0000,255.0000,43.0165,OK,
UDED,07-CITYSCAPES-2C,PC,720,720,0.023301,0.935409,,0.958711,0.0000,0.6037,0.0285,OK,
UDED,08-ADE20K-1C,GWi,720,720,0.023799,0.036377,,0.060176,0.0000,4.4676,0.2970,OK,
UDED,08-ADE20K-1C,GWi_odps,720,720,0.023799,0.064246,0.021461,0.109506,0.0000,4.4676,0.1640,OK,
UDED,08-ADE20K-1C,GWC,720,720,0.023799,0.080596,,0.104394,0.0000,5.2145,1.2517,OK,
UDED,08-ADE20K-1C,Canny,720,720,0.023799,0.007555,,0.031354,0.0000,480.0771,38.8858,OK,
UDED,08-ADE20K-1C,Sobel,720,720,0.023799,0.006980,,0.030778,0.0000,1027.0345,60.7421,OK,
UDED,08-ADE20K-1C,LoG,720,720,0.023799,0.003905,,0.027704,0.0000,53.0000,2.8590,OK,
UDED,08-ADE20K-1C,ED,720,720,0.023799,0.009137,,0.032935,0.0000,255.0000,28.1312,OK,
UDED,08-ADE20K-1C,PC,720,720,0.023799,0.939063,,0.962862,0.0000,0.7155,0.0389,OK,
UDED,09-MDBD-1C,GWi,720,720,0.023108,0.035592,,0.058701,0.0000,4.2999,0.3130,OK,
UDED,09-MDBD-1C,GWi_odps,720,720,0.023108,0.062287,0.021047,0.106443,0.0000,4.2999,0.1592,OK,
UDED,09-MDBD-1C,GWC,720,720,0.023108,0.080176,,0.103285,0.0083,5.8742,1.2772,OK,
UDED,09-MDBD-1C,Canny,720,720,0.023108,0.007442,,0.030550,0.0000,469.0522,39.4742,OK,
UDED,09-MDBD-1C,Sobel,720,720,0.023108,0.006925,,0.030034,0.0000,945.5961,66.9463,OK,
UDED,09-MDBD-1C,LoG,720,720,0.023108,0.003857,,0.026966,0.0000,53.0000,3.1917,OK,
UDED,09-MDBD-1C,ED,720,720,0.023108,0.010187,,0.033295,0.0000,255.0000,31.9227,OK,
UDED,09-MDBD-1C,PC,720,720,0.023108,0.927447,,0.950556,0.0000,0.6808,0.0377,OK,
UDED,10-196062,GWi,321,481,0.007643,0.011109,,0.018752,0.0033,4.2090,0.4864,OK,
UDED,10-196062,GWi_odps,321,481,0.007643,0.019372,0.005870,0.032885,0.0000,4.2090,0.2334,OK,
UDED,10-196062,GWC,321,481,0.007643,0.024651,,0.032295,0.0224,5.2176,1.3652,OK,
UDED,10-196062,Canny,321,481,0.007643,0.002275,,0.009918,0.0000,431.2076,54.9820,OK,
UDED,10-196062,Sobel,321,481,0.007643,0.002112,,0.009756,0.0000,935.4539,103.8708,OK,
UDED,10-196062,LoG,321,481,0.007643,0.001284,,0.008927,0.0000,40.0000,3.7218,OK,
UDED,10-196062,ED,321,481,0.007643,0.004712,,0.012355,0.0000,255.0000,52.9964,OK,
UDED,10-196062,PC,321,481,0.007643,0.321972,,0.329615,0.0000,0.5440,0.0253,OK,
UDED,11-NYUD-2,GWi,425,560,0.010857,0.016076,,0.026933,0.0000,4.6018,0.3377,OK,
UDED,11-NYUD-2,GWi_odps,425,560,0.010857,0.029179,0.010067,0.050104,0.0000,4.6018,0.1785,OK,
UDED,11-NYUD-2,GWC,425,560,0.010857,0.036021,,0.046879,0.0070,5.7680,1.2958,OK,
UDED,11-NYUD-2,Canny,425,560,0.010857,0.003686,,0.014544,0.0000,498.0000,45.2565,OK,
UDED,11-NYUD-2,Sobel,425,560,0.010857,0.003247,,0.014104,0.0000,993.6247,69.3466,OK,
UDED,11-NYUD-2,LoG,425,560,0.010857,0.001943,,0.012800,0.0000,53.0000,3.3997,OK,
UDED,11-NYUD-2,ED,425,560,0.010857,0.004944,,0.015801,0.0000,255.0000,30.3632,OK,
UDED,11-NYUD-2,PC,425,560,0.010857,0.432681,,0.443538,0.0000,0.6752,0.0438,OK,
UDED,12-cameraman,GWi,536,536,0.012854,0.019593,,0.032447,0.0000,4.3031,0.3066,OK,
UDED,12-cameraman,GWi_odps,536,536,0.012854,0.034687,0.011714,0.059254,0.0000,4.3031,0.1618,OK,
UDED,12-cameraman,GWC,536,536,0.012854,0.044361,,0.057215,0.0166,5.1759,1.2390,OK,
UDED,12-cameraman,Canny,536,536,0.012854,0.004268,,0.017122,0.0000,503.0805,40.1747,OK,
UDED,12-cameraman,Sobel,536,536,0.012854,0.003822,,0.016676,0.0000,1016.0079,63.3386,OK,
UDED,12-cameraman,LoG,536,536,0.012854,0.002344,,0.015198,0.0000,57.0000,3.0127,OK,
UDED,12-cameraman,ED,536,536,0.012854,0.006315,,0.019169,0.0000,255.0000,38.6215,OK,
UDED,12-cameraman,PC,536,536,0.012854,0.604948,,0.617802,0.0000,0.7106,0.0346,OK,
UDED,13-BIPED-1C,GWi,720,720,0.023144,0.036868,,0.060011,0.0000,4.2955,0.3914,OK,
UDED,13-BIPED-1C,GWi_odps,720,720,0.023144,0.062178,0.020767,0.106088,0.0000,4.2955,0.2107,OK,
UDED,13-BIPED-1C,GWC,720,720,0.023144,0.082963,,0.106107,0.0000,4.5846,1.3015,OK,
UDED,13-BIPED-1C,Canny,720,720,0.023144,0.007622,,0.030766,0.0000,408.0441,51.9453,OK,
UDED,13-BIPED-1C,Sobel,720,720,0.023144,0.007075,,0.030219,0.0000,787.1785,85.1854,OK,
UDED,13-BIPED-1C,LoG,720,720,0.023144,0.004058,,0.027201,0.0000,39.0000,3.8282,OK,
UDED,13-BIPED-1C,ED,720,720,0.023144,0.012531,,0.035674,0.0000,255.0000,51.9612,OK,
UDED,13-BIPED-1C,PC,720,720,0.023144,0.933850,,0.956994,0.0000,0.5860,0.0259,OK,
UDED,14-comic,GWi,361,250,0.004848,0.006085,,0.010933,0.0000,4.7433,0.7817,OK,
UDED,14-comic,GWi_odps,361,250,0.004848,0.009921,0.002773,0.017543,0.0000,4.7433,0.3933,OK,
UDED,14-comic,GWC,361,250,0.004848,0.011408,,0.016256,0.0072,5.4660,1.6705,OK,
UDED,14-comic,Canny,361,250,0.004848,0.001129,,0.005977,0.0000,484.2334,87.7618,OK,
UDED,14-comic,Sobel,361,250,0.004848,0.001045,,0.005893,0.0000,1020.2480,160.3734,OK,
UDED,14-comic,LoG,361,250,0.004848,0.000686,,0.005535,0.0000,51.0000,6.5949,OK,
UDED,14-comic,ED,361,250,0.004848,0.002427,,0.007275,0.0000,255.0000,52.3506,OK,
UDED,14-comic,PC,361,250,0.004848,0.119475,,0.124324,0.0000,0.5182,0.0272,OK,
UDED,15-P1020854,GWi,480,640,0.014587,0.020759,,0.035347,0.0000,4.1811,0.3651,OK,
UDED,15-P1020854,GWi_odps,480,640,0.014587,0.038380,0.012586,0.065553,0.0000,4.1811,0.1885,OK,
UDED,15-P1020854,GWC,480,640,0.014587,0.047033,,0.061620,0.0000,4.7758,1.2930,OK,
UDED,15-P1020854,Canny,480,640,0.014587,0.004336,,0.018924,0.0000,467.1295,39.5831,OK,
UDED,15-P1020854,Sobel,480,640,0.014587,0.004027,,0.018614,0.0000,1011.0292,76.2295,OK,
UDED,15-P1020854,LoG,480,640,0.014587,0.002308,,0.016895,0.0000,43.0000,3.0308,OK,
UDED,15-P1020854,ED,480,640,0.014587,0.007696,,0.022284,0.0000,255.0000,47.3950,OK,
UDED,15-P1020854,PC,480,640,0.014587,0.553320,,0.567907,0.0000,0.6241,0.0289,OK,
UDED,16-tire,GWi,512,512,0.011726,0.017809,,0.029535,0.0000,4.4007,0.3676,OK,
UDED,16-tire,GWi_odps,512,512,0.011726,0.036024,0.010523,0.058273,0.0000,4.4007,0.1759,OK,
UDED,16-tire,GWC,512,512,0.011726,0.039947,,0.051673,0.0000,6.2189,1.2900,OK,
UDED,16-tire,Canny,512,512,0.011726,0.003790,,0.015516,0.0000,424.2876,33.1012,OK,
UDED,16-tire,Sobel,512,512,0.011726,0.003455,,0.015181,0.0000,1021.7241,77.1056,OK,
UDED,16-tire,LoG,512,512,0.011726,0.001893,,0.013619,0.0000,47.0000,2.7420,OK,
UDED,16-tire,ED,512,512,0.011726,0.006284,,0.018010,0.0000,255.0000,39.2980,OK,
UDED,16-tire,PC,512,512,0.011726,0.475887,,0.487612,0.0000,0.6388,0.0209,OK,
UDED,17-1194,GWi,600,600,0.016691,0.024464,,0.041156,0.0000,4.1944,0.5957,OK,
UDED,17-1194,GWi_odps,600,600,0.016691,0.047484,0.014719,0.078895,0.0000,4.1944,0.2745,OK,
UDED,17-1194,GWC,600,600,0.016691,0.057737,,0.074428,0.0035,4.6304,1.5308,OK,
UDED,17-1194,Canny,600,600,0.016691,0.005256,,0.021947,0.0000,466.0322,56.0682,OK,
UDED,17-1194,Sobel,600,600,0.016691,0.004659,,0.021351,0.0000,965.4015,125.4847,OK,
UDED,17-1194,LoG,600,600,0.016691,0.002687,,0.019379,0.0000,43.0000,4.5235,OK,
UDED,17-1194,ED,600,600,0.016691,0.009257,,0.025948,0.0000,255.0000,53.0875,OK,
UDED,17-1194,PC,600,600,0.016691,0.643198,,0.659890,0.0000,0.6041,0.0309,OK,
UDED,18-img_5935,GWi,425,560,0.011641,0.016255,,0.027895,0.0000,4.2428,0.2573,OK,
UDED,18-img_5935,GWi_odps,425,560,0.011641,0.028769,0.009788,0.050198,0.0000,4.2428,0.1363,OK,
UDED,18-img_5935,GWC,425,560,0.011641,0.036122,,0.047763,0.0000,4.5052,1.2088,OK,
UDED,18-img_5935,Canny,425,560,0.011641,0.003685,,0.015326,0.0000,428.8823,37.6409,OK,
UDED,18-img_5935,Sobel,425,560,0.011641,0.003286,,0.014927,0.0000,819.4205,52.4380,OK,
UDED,18-img_5935,LoG,425,560,0.011641,0.002018,,0.013659,0.0000,41.0000,2.6534,OK,
UDED,18-img_5935,ED,425,560,0.011641,0.004566,,0.016207,0.0000,255.0000,26.1932,OK,
UDED,18-img_5935,PC,425,560,0.011641,0.427659,,0.439300,0.0000,0.6833,0.0420,OK,
UDED,19-img_6150,GWi,425,560,0.010642,0.016475,,0.027118,0.0000,4.1632,0.1980,OK,
UDED,19-img_6150,GWi_odps,425,560,0.010642,0.026080,0.010239,0.046962,0.0000,4.1632,0.1064,OK,
UDED,19-img_6150,GWC,425,560,0.010642,0.036390,,0.047032,0.0000,4.3818,1.1225,OK,
UDED,19-img_6150,Canny,425,560,0.010642,0.003762,,0.014405,0.0000,370.0486,26.4419,OK,
UDED,19-img_6150,Sobel,425,560,0.010642,0.003434,,0.014076,0.0000,710.4055,39.0549,OK,
UDED,19-img_6150,LoG,425,560,0.010642,0.002007,,0.012650,0.0000,35.0000,1.9318,OK,
UDED,19-img_6150,ED,425,560,0.010642,0.004115,,0.014758,0.0000,255.0000,22.1925,OK,
UDED,19-img_6150,PC,425,560,0.010642,0.430834,,0.441477,0.0000,0.7064,0.0420,OK,
UDED,20-2009_003829,GWi,334,500,0.007850,0.011774,,0.019623,0.0000,4.3095,0.3082,OK,
UDED,20-2009_003829,GWi_odps,334,500,0.007850,0.019499,0.006285,0.033634,0.0000,4.3095,0.1676,OK,
UDED,20-2009_003829,GWC,334,500,0.007850,0.025709,,0.033559,0.0085,4.5956,1.3315,OK,
UDED,20-2009_003829,Canny,334,500,0.007850,0.002567,,0.010417,0.0000,372.6070,36.4424,OK,
UDED,20-2009_003829,Sobel,334,500,0.007850,0.002214,,0.010063,0.0000,905.7020,60.9609,OK,
UDED,20-2009_003829,LoG,334,500,0.007850,0.001275,,0.009124,0.0000,34.0000,2.6626,OK,
UDED,20-2009_003829,ED,334,500,0.007850,0.003729,,0.011578,0.0000,255.0000,38.1370,OK,
UDED,20-2009_003829,PC,334,500,0.007850,0.323277,,0.331127,0.0000,0.6657,0.0389,OK,
UDED,21-00065305,GWi,400,500,0.009352,0.013681,,0.023033,0.0000,4.2553,0.5726,OK,
UDED,21-00065305,GWi_odps,400,500,0.009352,0.027574,0.007844,0.044770,0.0000,4.2553,0.2619,OK,
UDED,21-00065305,GWC,400,500,0.009352,0.030521,,0.039873,0.0000,5.2406,1.4979,OK,
UDED,21-00065305,Canny,400,500,0.009352,0.002951,,0.012303,0.0000,378.8430,45.5692,OK,
UDED,21-00065305,Sobel,400,500,0.009352,0.002895,,0.012247,0.0000,978.7195,126.0835,OK,
UDED,21-00065305,LoG,400,500,0.009352,0.001714,,0.011066,0.0000,38.0000,3.8991,OK,
UDED,21-00065305,ED,400,500,0.009352,0.006496,,0.015848,0.0000,255.0000,50.0833,OK,
UDED,21-00065305,PC,400,500,0.009352,0.355279,,0.364631,0.0000,0.5774,0.0194,OK,
UDED,22-335094,GWi,321,481,0.007575,0.011689,,0.019263,0.0000,4.0593,0.5770,OK,
UDED,22-335094,GWi_odps,321,481,0.007575,0.019080,0.005887,0.032541,0.0000,4.0593,0.2762,OK,
UDED,22-335094,GWC,321,481,0.007575,0.023969,,0.031544,0.0367,4.4552,1.5552,OK,
UDED,22-335094,Canny,321,481,0.007575,0.002754,,0.010329,0.0000,367.9157,56.0688,OK,
UDED,22-335094,Sobel,321,481,0.007575,0.002223,,0.009797,0.0000,778.0617,124.4917,OK,
UDED,22-335094,LoG,321,481,0.007575,0.001308,,0.008883,0.0000,38.0000,4.5225,OK,
UDED,22-335094,ED,321,481,0.007575,0.005026,,0.012600,0.0000,255.0000,53.7115,OK,
UDED,22-335094,PC,321,481,0.007575,0.320148,,0.327723,0.0000,0.5237,0.0234,OK,
UDED,23-img_011_SRF_2_HR,GWi,512,282,0.007350,0.010151,,0.017501,0.0000,4.4906,1.0744,OK,
UDED,23-img_011_SRF_2_HR,GWi_odps,512,282,0.007350,0.014396,0.005848,0.027595,0.0000,4.4906,0.5807,OK,
UDED,23-img_011_SRF_2_HR,GWC,512,282,0.007350,0.022283,,0.029633,0.0000,6.3973,2.1476,OK,
UDED,23-img_011_SRF_2_HR,Canny,512,282,0.007350,0.002428,,0.009778,0.0000,482.0166,109.4507,OK,
UDED,23-img_011_SRF_2_HR,Sobel,512,282,0.007350,0.001993,,0.009344,0.0000,1020.2823,235.3972,OK,
UDED,23-img_011_SRF_2_HR,LoG,512,282,0.007350,0.001144,,0.008494,0.0000,48.0000,8.9978,OK,
UDED,23-img_011_SRF_2_HR,ED,512,282,0.007350,0.002963,,0.010314,0.0000,255.0000,53.9639,OK,
UDED,23-img_011_SRF_2_HR,PC,512,282,0.007350,0.269783,,0.277133,0.0000,0.6010,0.0285,OK,
UDED,24-2010_002838,GWi,500,423,0.009743,0.014886,,0.024629,0.0000,4.5153,0.4350,OK,
UDED,24-2010_002838,GWi_odps,500,423,0.009743,0.024277,0.008191,0.042211,0.0000,4.5153,0.2131,OK,
UDED,24-2010_002838,GWC,500,423,0.009743,0.032372,,0.042115,0.0000,5.1790,1.6441,OK,
UDED,24-2010_002838,Canny,500,423,0.009743,0.003159,,0.012901,0.0000,405.6427,36.0226,OK,
UDED,24-2010_002838,Sobel,500,423,0.009743,0.002886,,0.012629,0.0000,1002.5219,91.8846,OK,
UDED,24-2010_002838,LoG,500,423,0.009743,0.001853,,0.011596,0.0000,41.0000,2.9393,OK,
UDED,24-2010_002838,ED,500,423,0.009743,0.005872,,0.015615,0.0000,255.0000,44.2108,OK,
UDED,24-2010_002838,PC,500,423,0.009743,0.397867,,0.407609,0.0000,0.6366,0.0235,OK,
UDED,25-2008_002622,GWi,500,355,0.008724,0.012484,,0.021208,0.0000,4.1417,0.2673,OK,
UDED,25-2008_002622,GWi_odps,500,355,0.008724,0.022047,0.006794,0.037565,0.0000,4.1417,0.1289,OK,
UDED,25-2008_002622,GWC,500,355,0.008724,0.027193,,0.035917,0.0564,4.5578,1.2099,OK,
UDED,25-2008_002622,Canny,500,355,0.008724,0.002594,,0.011318,0.0000,232.2456,25.0810,OK,
UDED,25-2008_002622,Sobel,500,355,0.008724,0.002421,,0.011146,0.0000,799.3247,56.0472,OK,
UDED,25-2008_002622,LoG,500,355,0.008724,0.001616,,0.010340,0.0000,42.0000,2.0358,OK,
UDED,25-2008_002622,ED,500,355,0.008724,0.004823,,0.013547,0.0000,255.0000,40.7239,OK,
UDED,25-2008_002622,PC,500,355,0.008724,0.344376,,0.353101,0.0000,0.6387,0.0258,OK,
UDED,26-P1020177,GWi,480,640,0.014420,0.023968,,0.038388,0.0000,4.3095,0.3515,OK,
UDED,26-P1020177,GWi_odps,480,640,0.014420,0.039111,0.012961,0.066493,0.0000,4.3095,0.1828,OK,
UDED,26-P1020177,GWC,480,640,0.014420,0.048652,,0.063072,0.0000,4.5850,1.3628,OK,
UDED,26-P1020177,Canny,480,640,0.014420,0.004421,,0.018841,0.0000,355.5840,36.8450,OK,
UDED,26-P1020177,Sobel,480,640,0.014420,0.004116,,0.018536,0.0000,781.0314,73.7821,OK,
UDED,26-P1020177,LoG,480,640,0.014420,0.002224,,0.016644,0.0000,29.0000,3.0095,OK,
UDED,26-P1020177,ED,480,640,0.014420,0.006818,,0.021238,0.0000,255.0000,42.0758,OK,
UDED,26-P1020177,PC,480,640,0.014420,0.573901,,0.588321,0.0000,0.6453,0.0347,OK,
UDED,27-img_5264,GWi,425,560,0.011412,0.016392,,0.027803,0.0000,4.1705,0.1845,OK,
UDED,27-img_5264,GWi_odps,425,560,0.011412,0.029594,0.010111,0.051116,0.0000,4.1705,0.0970,OK,
UDED,27-img_5264,GWC,425,560,0.011412,0.037075,,0.048487,0.0000,4.4371,1.1295,OK,
UDED,27-img_5264,Canny,425,560,0.011412,0.003957,,0.015369,0.0000,312.0064,24.1031,OK,
UDED,27-img_5264,Sobel,425,560,0.011412,0.003379,,0.014791,0.0000,540.0167,37.1845,OK,
UDED,27-img_5264,LoG,425,560,0.011412,0.002221,,0.013633,0.0000,28.0000,1.8568,OK,
UDED,27-img_5264,ED,425,560,0.011412,0.004737,,0.016148,0.0000,255.0000,31.8664,OK,
UDED,27-img_5264,PC,425,560,0.011412,0.449199,,0.460611,0.0000,0.6744,0.0350,OK,
UDED,28-img_043_SRF_2_HR,GWi,336,512,0.008307,0.012418,,0.020725,0.0000,4.2419,0.6987,OK,
UDED,28-img_043_SRF_2_HR,GWi_odps,336,512,0.008307,0.020943,0.006385,0.035635,0.0000,4.2419,0.3637,OK,
UDED,28-img_043_SRF_2_HR,GWC,336,512,0.008307,0.026542,,0.034849,0.0247,4.9177,1.6003,OK,
UDED,28-img_043_SRF_2_HR,Canny,336,512,0.008307,0.002555,,0.010862,0.0000,485.1433,93.9337,OK,
UDED,28-img_043_SRF_2_HR,Sobel,336,512,0.008307,0.002336,,0.010643,0.0000,1010.0495,138.9350,OK,
UDED,28-img_043_SRF_2_HR,LoG,336,512,0.008307,0.001233,,0.009540,0.0000,54.0000,6.5276,OK,
UDED,28-img_043_SRF_2_HR,ED,336,512,0.008307,0.004155,,0.012462,0.0000,255.0000,45.0703,OK,
UDED,28-img_043_SRF_2_HR,PC,336,512,0.008307,0.314479,,0.322786,0.0000,0.5732,0.0514,OK,
UDED,29-img_5182,GWi,425,560,0.010950,0.016367,,0.027317,0.0000,4.1007,0.1681,OK,
UDED,29-img_5182,GWi_odps,425,560,0.010950,0.026326,0.009279,0.046555,0.0000,4.1007,0.0902,OK,
UDED,29-img_5182,GWC,425,560,0.010950,0.036950,,0.047900,0.0073,4.2528,1.0902,OK,
UDED,29-img_5182,Canny,425,560,0.010950,0.003711,,0.014661,0.0000,309.8709,20.3309,OK,
UDED,29-img_5182,Sobel,425,560,0.010950,0.003308,,0.014258,0.0000,517.3664,33.2524,OK,
UDED,29-img_5182,LoG,425,560,0.010950,0.002001,,0.012951,0.0000,25.0000,1.6223,OK,
UDED,29-img_5182,ED,425,560,0.010950,0.004513,,0.015463,0.0000,255.0000,25.9586,OK,
UDED,29-img_5182,PC,425,560,0.010950,0.426638,,0.437588,0.0000,0.6929,0.0365,OK,
UDED,30-167062,GWi,321,481,0.007819,0.011299,,0.019118,0.0000,4.3095,0.6136,OK,
UDED,30-167062,GWi_odps,321,481,0.007819,0.019931,0.006209,0.033959,0.0000,4.3095,0.2789,OK,
UDED,30-167062,GWC,321,481,0.007819,0.023919,,0.031739,0.1708,5.2801,1.6666,OK,
UDED,30-167062,Canny,321,481,0.007819,0.002400,,0.010219,0.0000,325.5549,46.7032,OK,
UDED,30-167062,Sobel,321,481,0.007819,0.002097,,0.009917,0.0000,886.2054,134.9565,OK,
UDED,30-167062,LoG,321,481,0.007819,0.001158,,0.008978,0.0000,43.0000,4.0590,OK,
UDED,30-167062,ED,321,481,0.007819,0.005013,,0.012833,0.0000,255.0000,54.8593,OK,
UDED,30-167062,PC,321,481,0.007819,0.316757,,0.324576,0.0000,0.5049,0.0126,OK,
